"","Site","Colour","Size","Type","loc","x","p"
"1","Blank","Red",0.18,"Fragment","B","SG Blank","SG B"
"2","Blank","Black",0.16,"Fragment","B","SG Blank","SG B"
"3","Blank","Black",0.07,"Fragment","B","SG Blank","SG B"
"4","Blank","Black",0.1,"Fragment","B","SG Blank","SG B"
"5","Blank","Other",0.15,"Fibre","B","SG Blank","SG B"
"6","Blank","Green",0.06,"Fibre","B","SG Blank","SG B"
"7","Blank","Green",0.08,"Fibre","B","SG Blank","SG B"
"8","Blank","Transparent",1.66,"Fibre","B","SG Blank","SG B"
"9","Blank","Transparent",0.69,"Fibre","B","SG Blank","SG B"
"10","Blank","Blue",0.56,"Fibre","B","SG Blank","SG B"
"11","Blank","Black",2.42,"Fibre","B","SG Blank","SG B"
"12","Blank","Red",1.53,"Fibre","B","SG Blank","SG B"
"13","K1A","Transparent",4.1,"Fibre","K","SG K1A","SG K"
"14","K1A","Transparent",1.44,"Fibre","K","SG K1A","SG K"
"15","K1A","Transparent",1.5,"Fibre","K","SG K1A","SG K"
"16","K1A","Transparent",3.38,"Fibre","K","SG K1A","SG K"
"17","K1A","Other",0.16,"Fibre","K","SG K1A","SG K"
"18","K1A","Black",1.93,"Fibre","K","SG K1A","SG K"
"19","K1A","Black",0.89,"Fibre","K","SG K1A","SG K"
"20","K1A","Black",1.88,"Fibre","K","SG K1A","SG K"
"21","K1A","Black",2.53,"Fibre","K","SG K1A","SG K"
"22","K1A","Black",2.57,"Fibre","K","SG K1A","SG K"
"23","K1A","Black",0.09,"Fibre","K","SG K1A","SG K"
"24","K1A","Black",0.54,"Fibre","K","SG K1A","SG K"
"25","K1A","Black",0.1,"Fibre","K","SG K1A","SG K"
"26","K1A","Black",0.69,"Fibre","K","SG K1A","SG K"
"27","K1A","Black",0.88,"Fibre","K","SG K1A","SG K"
"28","K1A","Black",1.62,"Fibre","K","SG K1A","SG K"
"29","K1A","Black",1.33,"Fibre","K","SG K1A","SG K"
"30","K1A","Blue",1.61,"Fibre","K","SG K1A","SG K"
"31","K1A","Blue",0.03,"Fibre","K","SG K1A","SG K"
"32","K1A","Blue",0.69,"Fibre","K","SG K1A","SG K"
"33","K1A","Blue",0.67,"Fibre","K","SG K1A","SG K"
"34","K1A","Blue",0.21,"Fibre","K","SG K1A","SG K"
"35","K1A","Blue",0.37,"Fibre","K","SG K1A","SG K"
"36","K1A","Green",1.73,"Fibre","K","SG K1A","SG K"
"37","K1A","Green",0.63,"Fibre","K","SG K1A","SG K"
"38","K1A","Green",1.7,"Fibre","K","SG K1A","SG K"
"39","K1A","Red",0.41,"Fibre","K","SG K1A","SG K"
"40","K1A","Other",0.83,"Fibre","K","SG K1A","SG K"
"41","K1A","Other",0.51,"Fibre","K","SG K1A","SG K"
"42","K1A","Black",0.09,"Fragment","K","SG K1A","SG K"
"43","K1B","Other",0.1,"Fibre","K","SG K1B","SG K"
"44","K1B","Other",5.8,"Fibre","K","SG K1B","SG K"
"45","K1B","Other",1.15,"Fibre","K","SG K1B","SG K"
"46","K1B","Other",1.28,"Fibre","K","SG K1B","SG K"
"47","K1B","Other",1.05,"Fibre","K","SG K1B","SG K"
"48","K1B","Other",0.11,"Fibre","K","SG K1B","SG K"
"49","K1B","Other",1.02,"Fibre","K","SG K1B","SG K"
"50","K1B","Other",5.17,"Fibre","K","SG K1B","SG K"
"51","K1B","Other",5.14,"Fibre","K","SG K1B","SG K"
"52","K1B","Black",0.47,"Fibre","K","SG K1B","SG K"
"53","K1B","Black",0.53,"Fibre","K","SG K1B","SG K"
"54","K1B","Black",0.34,"Fibre","K","SG K1B","SG K"
"55","K1B","Black",0.37,"Fibre","K","SG K1B","SG K"
"56","K1B","Black",0.35,"Fibre","K","SG K1B","SG K"
"57","K1B","Black",0.05,"Fibre","K","SG K1B","SG K"
"58","K1B","Black",0.93,"Fibre","K","SG K1B","SG K"
"59","K1B","Black",0.5,"Fibre","K","SG K1B","SG K"
"60","K1B","Black",0.03,"Fibre","K","SG K1B","SG K"
"61","K1B","Black",0.97,"Fibre","K","SG K1B","SG K"
"62","K1B","Black",6.54,"Fibre","K","SG K1B","SG K"
"63","K1B","Black",0.18,"Fibre","K","SG K1B","SG K"
"64","K1B","Black",0.21,"Fibre","K","SG K1B","SG K"
"65","K1B","Black",0.89,"Fibre","K","SG K1B","SG K"
"66","K1B","Black",0.73,"Fibre","K","SG K1B","SG K"
"67","K1B","Black",1.6,"Fibre","K","SG K1B","SG K"
"68","K1B","Black",1.75,"Fibre","K","SG K1B","SG K"
"69","K1B","Blue",1.99,"Fibre","K","SG K1B","SG K"
"70","K1B","Blue",0.87,"Fibre","K","SG K1B","SG K"
"71","K1B","Blue",0.07,"Fibre","K","SG K1B","SG K"
"72","K1B","Blue",0.07,"Fibre","K","SG K1B","SG K"
"73","K1B","Blue",10.97,"Fibre","K","SG K1B","SG K"
"74","K1B","Blue",0.85,"Fibre","K","SG K1B","SG K"
"75","K1B","Blue",0.07,"Fibre","K","SG K1B","SG K"
"76","K1B","Blue",0.26,"Fibre","K","SG K1B","SG K"
"77","K1B","Blue",0.01,"Fibre","K","SG K1B","SG K"
"78","K1B","Blue",0.11,"Fibre","K","SG K1B","SG K"
"79","K1B","Blue",0.1,"Fibre","K","SG K1B","SG K"
"80","K1B","Blue",0.09,"Fibre","K","SG K1B","SG K"
"81","K1B","Blue",0.13,"Fibre","K","SG K1B","SG K"
"82","K1B","Blue",1.49,"Fibre","K","SG K1B","SG K"
"83","K1B","Blue",1.78,"Fibre","K","SG K1B","SG K"
"84","K1B","Other",0.38,"Fibre","K","SG K1B","SG K"
"85","K1B","Red",0.14,"Fibre","K","SG K1B","SG K"
"86","K1B","Transparent",1.62,"Fibre","K","SG K1B","SG K"
"87","K1B","Transparent",0.5,"Fibre","K","SG K1B","SG K"
"88","K1B","Transparent",1.65,"Fibre","K","SG K1B","SG K"
"89","K1B","Green",0.8,"Fibre","K","SG K1B","SG K"
"90","K1B","Green",2.37,"Fibre","K","SG K1B","SG K"
"91","K1B","Black",0.1,"Fragment","K","SG K1B","SG K"
"92","K1B","Black",0.07,"Fragment","K","SG K1B","SG K"
"93","K2A","Blue",3.27,"Fibre","K","SG K2A","SG K"
"94","K2A","Blue",0.69,"Fibre","K","SG K2A","SG K"
"95","K2A","Blue",3.06,"Fibre","K","SG K2A","SG K"
"96","K2A","Blue",1.24,"Fibre","K","SG K2A","SG K"
"97","K2A","Blue",0.6,"Fibre","K","SG K2A","SG K"
"98","K2A","Blue",2.28,"Fibre","K","SG K2A","SG K"
"99","K2A","Blue",1.11,"Fibre","K","SG K2A","SG K"
"100","K2A","Blue",1.78,"Fibre","K","SG K2A","SG K"
"101","K2A","Blue",1.35,"Fibre","K","SG K2A","SG K"
"102","K2A","Blue",1.2,"Fibre","K","SG K2A","SG K"
"103","K2A","Blue",1.4,"Fibre","K","SG K2A","SG K"
"104","K2A","Blue",0.08,"Fibre","K","SG K2A","SG K"
"105","K2A","Transparent",1.49,"Fibre","K","SG K2A","SG K"
"106","K2A","Transparent",1.23,"Fibre","K","SG K2A","SG K"
"107","K2A","Transparent",1.56,"Fibre","K","SG K2A","SG K"
"108","K2A","Transparent",2.81,"Fibre","K","SG K2A","SG K"
"109","K2A","Transparent",2.36,"Fibre","K","SG K2A","SG K"
"110","K2A","Transparent",1.53,"Fibre","K","SG K2A","SG K"
"111","K2A","Red",0.44,"Fibre","K","SG K2A","SG K"
"112","K2A","Black",0.41,"Fibre","K","SG K2A","SG K"
"113","K2A","Black",0.58,"Fibre","K","SG K2A","SG K"
"114","K2A","Black",1.15,"Fibre","K","SG K2A","SG K"
"115","K2A","Black",1.45,"Fibre","K","SG K2A","SG K"
"116","K2A","Black",0.42,"Fibre","K","SG K2A","SG K"
"117","K2A","Black",0.98,"Fibre","K","SG K2A","SG K"
"118","K2A","Black",0.36,"Fibre","K","SG K2A","SG K"
"119","K2A","Black",0.17,"Fibre","K","SG K2A","SG K"
"120","K2A","Black",0.26,"Fibre","K","SG K2A","SG K"
"121","K2A","Black",1.19,"Fibre","K","SG K2A","SG K"
"122","K2A","Black",0.13,"Fibre","K","SG K2A","SG K"
"123","K2A","Black",0.2,"Fibre","K","SG K2A","SG K"
"124","K2A","Other",0.35,"Fibre","K","SG K2A","SG K"
"125","K2A","Green",0.18,"Fibre","K","SG K2A","SG K"
"126","K2A","Other",3.84,"Fibre","K","SG K2A","SG K"
"127","K2A","Green",0.04,"Fragment","K","SG K2A","SG K"
"128","K2A","Blue",0.07,"Fragment","K","SG K2A","SG K"
"129","K2A","Black",0.17,"Fragment","K","SG K2A","SG K"
"130","K2A","Black",0.09,"Fragment","K","SG K2A","SG K"
"131","K2B","Black",0.09,"Fragment","K","SG K2B","SG K"
"132","K2B","Black",0.13,"Fragment","K","SG K2B","SG K"
"133","K2B","Black",0.11,"Fragment","K","SG K2B","SG K"
"134","K2B","Black",0.2,"Fragment","K","SG K2B","SG K"
"135","K2B","Black",0.08,"Fragment","K","SG K2B","SG K"
"136","K2B","Black",0.2,"Fragment","K","SG K2B","SG K"
"137","K2B","Blue",0.52,"Fibre","K","SG K2B","SG K"
"138","K2B","Blue",2.07,"Fibre","K","SG K2B","SG K"
"139","K2B","Blue",1.84,"Fibre","K","SG K2B","SG K"
"140","K2B","Blue",1.34,"Fibre","K","SG K2B","SG K"
"141","K2B","Blue",0.41,"Fibre","K","SG K2B","SG K"
"142","K2B","Blue",0.2,"Fibre","K","SG K2B","SG K"
"143","K2B","Green",2.48,"Fibre","K","SG K2B","SG K"
"144","K2B","Green",1.19,"Fibre","K","SG K2B","SG K"
"145","K2B","Green",0.89,"Fibre","K","SG K2B","SG K"
"146","K2B","Green",1.13,"Fibre","K","SG K2B","SG K"
"147","K2B","Other",0.71,"Fibre","K","SG K2B","SG K"
"148","K2B","Other",0.24,"Fibre","K","SG K2B","SG K"
"149","K2B","Black",0.18,"Foam","K","SG K2B","SG K"
"150","K2B","Transparent",1.12,"Fibre","K","SG K2B","SG K"
"151","K2B","Transparent",1.31,"Fibre","K","SG K2B","SG K"
"152","K2B","Black",1.18,"Fibre","K","SG K2B","SG K"
"153","K2B","Black",3.52,"Fibre","K","SG K2B","SG K"
"154","K2B","Black",0.14,"Fibre","K","SG K2B","SG K"
"155","K2B","Black",0.16,"Fibre","K","SG K2B","SG K"
"156","K2B","Other",0.89,"Fibre","K","SG K2B","SG K"
"157","K2B","Other",0.89,"Fibre","K","SG K2B","SG K"
"158","K2B","Other",1.4,"Fibre","K","SG K2B","SG K"
"159","K3A","Black",1.55,"Fibre","K","SG K3A","SG K"
"160","K3A","Black",0.3,"Fibre","K","SG K3A","SG K"
"161","K3A","Black",0.87,"Fibre","K","SG K3A","SG K"
"162","K3A","Black",1.92,"Fibre","K","SG K3A","SG K"
"163","K3A","Black",1.59,"Fibre","K","SG K3A","SG K"
"164","K3A","Black",0.15,"Fibre","K","SG K3A","SG K"
"165","K3A","Black",0.32,"Fibre","K","SG K3A","SG K"
"166","K3A","Black",0.68,"Fibre","K","SG K3A","SG K"
"167","K3A","Black",0.48,"Fibre","K","SG K3A","SG K"
"168","K3A","Black",0.17,"Fibre","K","SG K3A","SG K"
"169","K3A","Black",0.06,"Fibre","K","SG K3A","SG K"
"170","K3A","Black",3.64,"Fibre","K","SG K3A","SG K"
"171","K3A","Black",0.06,"Fibre","K","SG K3A","SG K"
"172","K3A","Black",0.55,"Fibre","K","SG K3A","SG K"
"173","K3A","Black",0.23,"Fibre","K","SG K3A","SG K"
"174","K3A","Black",0.14,"Fibre","K","SG K3A","SG K"
"175","K3A","Black",0.14,"Fibre","K","SG K3A","SG K"
"176","K3A","Black",0.89,"Fibre","K","SG K3A","SG K"
"177","K3A","Black",1.38,"Fibre","K","SG K3A","SG K"
"178","K3A","Black",0.1,"Fibre","K","SG K3A","SG K"
"179","K3A","Black",0.99,"Fibre","K","SG K3A","SG K"
"180","K3A","Green",0.5,"Fibre","K","SG K3A","SG K"
"181","K3A","Green",0.36,"Fibre","K","SG K3A","SG K"
"182","K3A","Green",0.4,"Fibre","K","SG K3A","SG K"
"183","K3A","Green",0.31,"Fibre","K","SG K3A","SG K"
"184","K3A","Green",0.27,"Fibre","K","SG K3A","SG K"
"185","K3A","Transparent",1.02,"Fibre","K","SG K3A","SG K"
"186","K3A","Transparent",0.95,"Fibre","K","SG K3A","SG K"
"187","K3A","Transparent",1.85,"Fibre","K","SG K3A","SG K"
"188","K3A","Transparent",0.7,"Fibre","K","SG K3A","SG K"
"189","K3A","Transparent",2.99,"Fibre","K","SG K3A","SG K"
"190","K3A","Transparent",1.51,"Fibre","K","SG K3A","SG K"
"191","K3A","Transparent",1.27,"Fibre","K","SG K3A","SG K"
"192","K3A","Transparent",2.61,"Fibre","K","SG K3A","SG K"
"193","K3A","Transparent",1.75,"Fibre","K","SG K3A","SG K"
"194","K3A","Red",3.03,"Fibre","K","SG K3A","SG K"
"195","K3A","Red",2.18,"Fibre","K","SG K3A","SG K"
"196","K3A","Red",0.24,"Fibre","K","SG K3A","SG K"
"197","K3A","Blue",0.41,"Fibre","K","SG K3A","SG K"
"198","K3A","Blue",0.57,"Fibre","K","SG K3A","SG K"
"199","K3A","Blue",0.53,"Fibre","K","SG K3A","SG K"
"200","K3A","Blue",0.1,"Fibre","K","SG K3A","SG K"
"201","K3A","Blue",1.72,"Fibre","K","SG K3A","SG K"
"202","K3A","Blue",0.12,"Fibre","K","SG K3A","SG K"
"203","K3A","Blue",5.09,"Fibre","K","SG K3A","SG K"
"204","K3A","Blue",1.74,"Fibre","K","SG K3A","SG K"
"205","K3A","Blue",0.02,"Fragment","K","SG K3A","SG K"
"206","K3A","Blue",0.07,"Fragment","K","SG K3A","SG K"
"207","K3A","Black",0.15,"Fragment","K","SG K3A","SG K"
"208","K3A","Black",0.17,"Fragment","K","SG K3A","SG K"
"209","K3B","Black",0.23,"Fragment","K","SG K3B","SG K"
"210","K3B","Black",0.2,"Fragment","K","SG K3B","SG K"
"211","K3B","Black",0.19,"Fragment","K","SG K3B","SG K"
"212","K3B","Black",0.17,"Fragment","K","SG K3B","SG K"
"213","K3B","Black",0.28,"Fragment","K","SG K3B","SG K"
"214","K3B","Black",0.15,"Fragment","K","SG K3B","SG K"
"215","K3B","White",0.69,"Fragment","K","SG K3B","SG K"
"216","K3B","Red",0.47,"Fragment","K","SG K3B","SG K"
"217","K3B","Blue",0.05,"Fragment","K","SG K3B","SG K"
"218","K3B","Black",0.67,"Fibre","K","SG K3B","SG K"
"219","K3B","Black",0.23,"Fibre","K","SG K3B","SG K"
"220","K3B","Black",1.39,"Fibre","K","SG K3B","SG K"
"221","K3B","Black",0.67,"Fibre","K","SG K3B","SG K"
"222","K3B","Black",0.94,"Fibre","K","SG K3B","SG K"
"223","K3B","Black",0.1,"Fibre","K","SG K3B","SG K"
"224","K3B","Black",0.1,"Fibre","K","SG K3B","SG K"
"225","K3B","Black",0.39,"Fibre","K","SG K3B","SG K"
"226","K3B","Blue",0.43,"Fibre","K","SG K3B","SG K"
"227","K3B","Blue",0.69,"Fibre","K","SG K3B","SG K"
"228","K3B","Blue",0.13,"Fibre","K","SG K3B","SG K"
"229","K3B","Blue",0.94,"Fibre","K","SG K3B","SG K"
"230","K3B","Transparent",3.24,"Fibre","K","SG K3B","SG K"
"231","K3B","Transparent",0.81,"Fibre","K","SG K3B","SG K"
"232","K3B","Transparent",1.01,"Fibre","K","SG K3B","SG K"
"233","D1A","Red",0.33,"Fragment","D","SG D1A","SG D"
"234","D1A","Red",0.21,"Fragment","D","SG D1A","SG D"
"235","D1A","Red",0.22,"Fragment","D","SG D1A","SG D"
"236","D1A","Red",0.2,"Fragment","D","SG D1A","SG D"
"237","D1A","Black",0.15,"Fragment","D","SG D1A","SG D"
"238","D1A","Black",0.15,"Fragment","D","SG D1A","SG D"
"239","D1A","Black",0.11,"Fragment","D","SG D1A","SG D"
"240","D1A","Black",0.16,"Fragment","D","SG D1A","SG D"
"241","D1A","Black",0.15,"Fragment","D","SG D1A","SG D"
"242","D1A","Blue",0.04,"Fragment","D","SG D1A","SG D"
"243","D1A","Other",0.12,"Fibre","D","SG D1A","SG D"
"244","D1A","Transparent",0.48,"Fibre","D","SG D1A","SG D"
"245","D1A","Green",0.63,"Fibre","D","SG D1A","SG D"
"246","D1A","Green",1.23,"Fibre","D","SG D1A","SG D"
"247","D1A","Blue",0.83,"Fibre","D","SG D1A","SG D"
"248","D1A","Blue",1.74,"Fibre","D","SG D1A","SG D"
"249","D1A","Blue",1.35,"Fibre","D","SG D1A","SG D"
"250","D1A","Blue",1.41,"Fibre","D","SG D1A","SG D"
"251","D1A","Blue",1.53,"Fibre","D","SG D1A","SG D"
"252","D1A","Blue",1.62,"Fibre","D","SG D1A","SG D"
"253","D1A","Blue",1.24,"Fibre","D","SG D1A","SG D"
"254","D1A","Blue",0.13,"Fibre","D","SG D1A","SG D"
"255","D1A","Blue",0.8,"Fibre","D","SG D1A","SG D"
"256","D1A","Red",0.46,"Fibre","D","SG D1A","SG D"
"257","D1A","Other",2.29,"Fibre","D","SG D1A","SG D"
"258","D1A","Black",0.08,"Fibre","D","SG D1A","SG D"
"259","D1A","Black",0.21,"Fibre","D","SG D1A","SG D"
"260","D1A","Black",0.71,"Fibre","D","SG D1A","SG D"
"261","D1A","Black",0.75,"Fibre","D","SG D1A","SG D"
"262","D1A","Black",0.76,"Fibre","D","SG D1A","SG D"
"263","D1A","Black",0.75,"Fibre","D","SG D1A","SG D"
"264","D1A","Black",0.82,"Fibre","D","SG D1A","SG D"
"265","D1A","Black",0.75,"Fibre","D","SG D1A","SG D"
"266","D1A","Black",0.07,"Fibre","D","SG D1A","SG D"
"267","D1A","Black",8.83,"Fibre","D","SG D1A","SG D"
"268","D1A","Black",2.35,"Fibre","D","SG D1A","SG D"
"269","D1A","Black",4.14,"Fibre","D","SG D1A","SG D"
"270","D1A","Black",0.57,"Fibre","D","SG D1A","SG D"
"271","D1A","Black",0.48,"Fibre","D","SG D1A","SG D"
"272","D1A","Black",0.59,"Fibre","D","SG D1A","SG D"
"273","D1B","Blue",0.03,"Fibre","D","SG D1B","SG D"
"274","D1B","Blue",1.31,"Fibre","D","SG D1B","SG D"
"275","D1B","Blue",0.14,"Fibre","D","SG D1B","SG D"
"276","D1B","Blue",0.25,"Fibre","D","SG D1B","SG D"
"277","D1B","Blue",0.64,"Fibre","D","SG D1B","SG D"
"278","D1B","Blue",0.08,"Fibre","D","SG D1B","SG D"
"279","D1B","Blue",1.24,"Fibre","D","SG D1B","SG D"
"280","D1B","Blue",0.3,"Fibre","D","SG D1B","SG D"
"281","D1B","Blue",1.57,"Fibre","D","SG D1B","SG D"
"282","D1B","Blue",2.13,"Fibre","D","SG D1B","SG D"
"283","D1B","Blue",0.96,"Fibre","D","SG D1B","SG D"
"284","D1B","Blue",0.93,"Fibre","D","SG D1B","SG D"
"285","D1B","Blue",0.91,"Fibre","D","SG D1B","SG D"
"286","D1B","Blue",0.84,"Fibre","D","SG D1B","SG D"
"287","D1B","Red",0.19,"Fibre","D","SG D1B","SG D"
"288","D1B","Red",0.11,"Fibre","D","SG D1B","SG D"
"289","D1B","Red",0.57,"Fibre","D","SG D1B","SG D"
"290","D1B","Red",0.51,"Fibre","D","SG D1B","SG D"
"291","D1B","Black",0.07,"Fibre","D","SG D1B","SG D"
"292","D1B","Black",0.47,"Fibre","D","SG D1B","SG D"
"293","D1B","Black",0.67,"Fibre","D","SG D1B","SG D"
"294","D1B","Black",0.53,"Fibre","D","SG D1B","SG D"
"295","D1B","Black",0.12,"Fibre","D","SG D1B","SG D"
"296","D1B","Black",0.46,"Fibre","D","SG D1B","SG D"
"297","D1B","Black",1.14,"Fibre","D","SG D1B","SG D"
"298","D1B","Other",0.07,"Fibre","D","SG D1B","SG D"
"299","D1B","Other",0.69,"Fibre","D","SG D1B","SG D"
"300","D1B","Other",0.37,"Fibre","D","SG D1B","SG D"
"301","D1B","Green",0.44,"Fibre","D","SG D1B","SG D"
"302","D1B","Green",0.68,"Fibre","D","SG D1B","SG D"
"303","D1B","Green",3.26,"Fibre","D","SG D1B","SG D"
"304","D1B","Transparent",3.38,"Fibre","D","SG D1B","SG D"
"305","D1B","Transparent",0.45,"Fibre","D","SG D1B","SG D"
"306","D1B","Transparent",0.64,"Fibre","D","SG D1B","SG D"
"307","D1B","Green",0.1,"Foam","D","SG D1B","SG D"
"308","D2A","Red",0.08,"Fragment","D","SG D2A","SG D"
"309","D2A","Black",0.25,"Fragment","D","SG D2A","SG D"
"310","D2A","Black",0.17,"Fragment","D","SG D2A","SG D"
"311","D2A","Black",0.08,"Fragment","D","SG D2A","SG D"
"312","D2A","Black",0.27,"Fragment","D","SG D2A","SG D"
"313","D2A","Black",0.22,"Fragment","D","SG D2A","SG D"
"314","D2A","Black",0.14,"Fragment","D","SG D2A","SG D"
"315","D2A","Black",0.11,"Fragment","D","SG D2A","SG D"
"316","D2A","Blue",0.09,"Foam","D","SG D2A","SG D"
"317","D2A","Blue",0.08,"Foam","D","SG D2A","SG D"
"318","D2A","Other",0.21,"Foam","D","SG D2A","SG D"
"319","D2A","Blue",0.49,"Fibre","D","SG D2A","SG D"
"320","D2A","Blue",0.34,"Fibre","D","SG D2A","SG D"
"321","D2A","Blue",0.79,"Fibre","D","SG D2A","SG D"
"322","D2A","Blue",0.28,"Fibre","D","SG D2A","SG D"
"323","D2A","Blue",10.58,"Fibre","D","SG D2A","SG D"
"324","D2A","Blue",1.25,"Fibre","D","SG D2A","SG D"
"325","D2A","Blue",0.54,"Fibre","D","SG D2A","SG D"
"326","D2A","Blue",0.53,"Fibre","D","SG D2A","SG D"
"327","D2A","Blue",1,"Fibre","D","SG D2A","SG D"
"328","D2A","Blue",0.31,"Fibre","D","SG D2A","SG D"
"329","D2A","Blue",2.98,"Fibre","D","SG D2A","SG D"
"330","D2A","Blue",0.24,"Fibre","D","SG D2A","SG D"
"331","D2A","Blue",0.1,"Fibre","D","SG D2A","SG D"
"332","D2A","Blue",2.06,"Fibre","D","SG D2A","SG D"
"333","D2A","Black",0.43,"Fibre","D","SG D2A","SG D"
"334","D2A","Black",1.25,"Fibre","D","SG D2A","SG D"
"335","D2A","Black",0.23,"Fibre","D","SG D2A","SG D"
"336","D2A","Black",0.64,"Fibre","D","SG D2A","SG D"
"337","D2A","Black",2.27,"Fibre","D","SG D2A","SG D"
"338","D2A","Black",0.39,"Fibre","D","SG D2A","SG D"
"339","D2A","Black",0.11,"Fibre","D","SG D2A","SG D"
"340","D2A","Black",0.7,"Fibre","D","SG D2A","SG D"
"341","D2A","Black",0.33,"Fibre","D","SG D2A","SG D"
"342","D2A","Black",0.12,"Fibre","D","SG D2A","SG D"
"343","D2A","Black",2.84,"Fibre","D","SG D2A","SG D"
"344","D2A","Black",1.05,"Fibre","D","SG D2A","SG D"
"345","D2A","Black",0.51,"Fibre","D","SG D2A","SG D"
"346","D2A","Black",1.99,"Fibre","D","SG D2A","SG D"
"347","D2A","Black",0.1,"Fibre","D","SG D2A","SG D"
"348","D2A","Transparent",2.65,"Fibre","D","SG D2A","SG D"
"349","D2A","Transparent",4.13,"Fibre","D","SG D2A","SG D"
"350","D2A","Transparent",5.64,"Fibre","D","SG D2A","SG D"
"351","D2A","Transparent",0.63,"Fibre","D","SG D2A","SG D"
"352","D2A","Transparent",0.8,"Fibre","D","SG D2A","SG D"
"353","D2A","Transparent",1.42,"Fibre","D","SG D2A","SG D"
"354","D2A","Transparent",2.08,"Fibre","D","SG D2A","SG D"
"355","D2A","Other",0.32,"Fibre","D","SG D2A","SG D"
"356","D2A","Other",0.81,"Fibre","D","SG D2A","SG D"
"357","D2A","Other",0.5,"Fibre","D","SG D2A","SG D"
"358","D2A","Other",0.44,"Fibre","D","SG D2A","SG D"
"359","D2A","Other",0.13,"Fibre","D","SG D2A","SG D"
"360","D2A","Green",0.67,"Fibre","D","SG D2A","SG D"
"361","D2B","Blue",1.66,"Fibre","D","SG D2B","SG D"
"362","D2B","Blue",0.11,"Fibre","D","SG D2B","SG D"
"363","D2B","Blue",0.36,"Fibre","D","SG D2B","SG D"
"364","D2B","Blue",4.39,"Fibre","D","SG D2B","SG D"
"365","D2B","Blue",0.93,"Fibre","D","SG D2B","SG D"
"366","D2B","Blue",0.08,"Fibre","D","SG D2B","SG D"
"367","D2B","Blue",0.06,"Fibre","D","SG D2B","SG D"
"368","D2B","Blue",1.15,"Fibre","D","SG D2B","SG D"
"369","D2B","Blue",2.31,"Fibre","D","SG D2B","SG D"
"370","D2B","Blue",0.33,"Fibre","D","SG D2B","SG D"
"371","D2B","Blue",0.28,"Fibre","D","SG D2B","SG D"
"372","D2B","Blue",1.46,"Fibre","D","SG D2B","SG D"
"373","D2B","Blue",0.04,"Fibre","D","SG D2B","SG D"
"374","D2B","Blue",0.76,"Fibre","D","SG D2B","SG D"
"375","D2B","Blue",7.76,"Fibre","D","SG D2B","SG D"
"376","D2B","Blue",0.21,"Fibre","D","SG D2B","SG D"
"377","D2B","Blue",0.25,"Fibre","D","SG D2B","SG D"
"378","D2B","Blue",0.55,"Fibre","D","SG D2B","SG D"
"379","D2B","Transparent",2.36,"Fibre","D","SG D2B","SG D"
"380","D2B","Transparent",2.66,"Fibre","D","SG D2B","SG D"
"381","D2B","Transparent",0.63,"Fibre","D","SG D2B","SG D"
"382","D2B","Transparent",0.92,"Fibre","D","SG D2B","SG D"
"383","D2B","Transparent",8.39,"Fibre","D","SG D2B","SG D"
"384","D2B","Transparent",1.14,"Fibre","D","SG D2B","SG D"
"385","D2B","Transparent",2.09,"Fibre","D","SG D2B","SG D"
"386","D2B","Transparent",1.37,"Fibre","D","SG D2B","SG D"
"387","D2B","Transparent",2.04,"Fibre","D","SG D2B","SG D"
"388","D2B","Other",2.18,"Fibre","D","SG D2B","SG D"
"389","D2B","Other",1.9,"Fibre","D","SG D2B","SG D"
"390","D2B","Other",1.31,"Fibre","D","SG D2B","SG D"
"391","D2B","Other",0.17,"Fibre","D","SG D2B","SG D"
"392","D2B","Other",0.21,"Fibre","D","SG D2B","SG D"
"393","D2B","Other",0.1,"Fibre","D","SG D2B","SG D"
"394","D2B","Other",0.19,"Fibre","D","SG D2B","SG D"
"395","D2B","Other",0.08,"Fibre","D","SG D2B","SG D"
"396","D2B","Black",0.1,"Fibre","D","SG D2B","SG D"
"397","D2B","Black",4.22,"Fibre","D","SG D2B","SG D"
"398","D2B","Black",1.63,"Fibre","D","SG D2B","SG D"
"399","D2B","Black",0.1,"Fibre","D","SG D2B","SG D"
"400","D2B","Black",0.22,"Fibre","D","SG D2B","SG D"
"401","D2B","Black",0.42,"Fibre","D","SG D2B","SG D"
"402","D2B","Black",1.25,"Fibre","D","SG D2B","SG D"
"403","D2B","Black",1.39,"Fibre","D","SG D2B","SG D"
"404","D2B","Black",3.47,"Fibre","D","SG D2B","SG D"
"405","D2B","Black",0.28,"Fibre","D","SG D2B","SG D"
"406","D2B","Black",0.06,"Fibre","D","SG D2B","SG D"
"407","D2B","Black",0.42,"Fibre","D","SG D2B","SG D"
"408","D2B","Black",0.09,"Fibre","D","SG D2B","SG D"
"409","D2B","Black",0.51,"Fibre","D","SG D2B","SG D"
"410","D2B","Black",0.14,"Fibre","D","SG D2B","SG D"
"411","D2B","Black",0.15,"Fibre","D","SG D2B","SG D"
"412","D2B","Black",0.8,"Fibre","D","SG D2B","SG D"
"413","D2B","Black",0.1,"Fibre","D","SG D2B","SG D"
"414","D2B","Black",0.1,"Fibre","D","SG D2B","SG D"
"415","D2B","Black",1.24,"Fibre","D","SG D2B","SG D"
"416","D2B","Black",1.32,"Fibre","D","SG D2B","SG D"
"417","D2B","Green",0.28,"Fibre","D","SG D2B","SG D"
"418","D2B","Green",1.33,"Fibre","D","SG D2B","SG D"
"419","D2B","Green",0.13,"Fibre","D","SG D2B","SG D"
"420","D2B","Green",0.21,"Fibre","D","SG D2B","SG D"
"421","D2B","Red",0.56,"Fibre","D","SG D2B","SG D"
"422","D2B","Other",1.27,"Fibre","D","SG D2B","SG D"
"423","D2B","Black",0.11,"Fragment","D","SG D2B","SG D"
"424","D2B","Black",0.05,"Fragment","D","SG D2B","SG D"
"425","D2B","Red",0.3,"Fragment","D","SG D2B","SG D"
"426","D2B","Other",0.24,"Fragment","D","SG D2B","SG D"
"427","D3A","Black",0.3,"Fibre","D","SG D3A","SG D"
"428","D3A","Black",1.03,"Fibre","D","SG D3A","SG D"
"429","D3A","Black",1.96,"Fibre","D","SG D3A","SG D"
"430","D3A","Black",0.31,"Fibre","D","SG D3A","SG D"
"431","D3A","Black",0.29,"Fibre","D","SG D3A","SG D"
"432","D3A","Black",0.62,"Fibre","D","SG D3A","SG D"
"433","D3A","Black",0.51,"Fibre","D","SG D3A","SG D"
"434","D3A","Black",1.25,"Fibre","D","SG D3A","SG D"
"435","D3A","Black",0.23,"Fibre","D","SG D3A","SG D"
"436","D3A","Black",1,"Fibre","D","SG D3A","SG D"
"437","D3A","Black",2.24,"Fibre","D","SG D3A","SG D"
"438","D3A","Black",0.57,"Fibre","D","SG D3A","SG D"
"439","D3A","Black",0.64,"Fibre","D","SG D3A","SG D"
"440","D3A","Black",6.12,"Fibre","D","SG D3A","SG D"
"441","D3A","Black",0.88,"Fibre","D","SG D3A","SG D"
"442","D3A","Black",0.51,"Fibre","D","SG D3A","SG D"
"443","D3A","Black",0.14,"Fibre","D","SG D3A","SG D"
"444","D3A","Transparent",1.02,"Fibre","D","SG D3A","SG D"
"445","D3A","Transparent",0.68,"Fibre","D","SG D3A","SG D"
"446","D3A","Transparent",1.59,"Fibre","D","SG D3A","SG D"
"447","D3A","Transparent",2.41,"Fibre","D","SG D3A","SG D"
"448","D3A","Transparent",1.55,"Fibre","D","SG D3A","SG D"
"449","D3A","Transparent",0.95,"Fibre","D","SG D3A","SG D"
"450","D3A","Blue",0.19,"Fibre","D","SG D3A","SG D"
"451","D3A","Blue",0.32,"Fibre","D","SG D3A","SG D"
"452","D3A","Blue",0.08,"Fibre","D","SG D3A","SG D"
"453","D3A","Blue",0.15,"Fibre","D","SG D3A","SG D"
"454","D3A","Blue",1.19,"Fibre","D","SG D3A","SG D"
"455","D3A","Blue",3.49,"Fibre","D","SG D3A","SG D"
"456","D3A","Blue",0.49,"Fibre","D","SG D3A","SG D"
"457","D3A","Blue",2.56,"Fibre","D","SG D3A","SG D"
"458","D3A","Blue",1.05,"Fibre","D","SG D3A","SG D"
"459","D3A","Blue",2.03,"Fibre","D","SG D3A","SG D"
"460","D3A","Blue",11.62,"Fibre","D","SG D3A","SG D"
"461","D3A","Blue",0.55,"Fibre","D","SG D3A","SG D"
"462","D3A","Blue",0.09,"Fibre","D","SG D3A","SG D"
"463","D3A","Blue",1.36,"Fibre","D","SG D3A","SG D"
"464","D3A","Blue",2.03,"Fibre","D","SG D3A","SG D"
"465","D3A","Red",1.62,"Fibre","D","SG D3A","SG D"
"466","D3A","Red",2.73,"Fibre","D","SG D3A","SG D"
"467","D3A","Green",4.16,"Fibre","D","SG D3A","SG D"
"468","D3A","Green",1.01,"Fibre","D","SG D3A","SG D"
"469","D3A","Green",0.25,"Fibre","D","SG D3A","SG D"
"470","D3A","Other",1.58,"Fibre","D","SG D3A","SG D"
"471","D3A","Other",3.28,"Fibre","D","SG D3A","SG D"
"472","D3A","Other",1.07,"Fibre","D","SG D3A","SG D"
"473","D3A","Green",0.18,"Fragment","D","SG D3A","SG D"
"474","D3B","Blue",1.56,"Fibre","D","SG D3B","SG D"
"475","D3B","Blue",0.2,"Fibre","D","SG D3B","SG D"
"476","D3B","Blue",1.25,"Fibre","D","SG D3B","SG D"
"477","D3B","Black",0.25,"Fibre","D","SG D3B","SG D"
"478","D3B","Black",0.15,"Fibre","D","SG D3B","SG D"
"479","D3B","Black",1.39,"Fibre","D","SG D3B","SG D"
"480","D3B","Black",0.22,"Fibre","D","SG D3B","SG D"
"481","D3B","Black",0.53,"Fibre","D","SG D3B","SG D"
"482","D3B","Black",0.22,"Fibre","D","SG D3B","SG D"
"483","D3B","Black",0.56,"Fibre","D","SG D3B","SG D"
"484","D3B","Black",0.66,"Fibre","D","SG D3B","SG D"
"485","D3B","Black",0.13,"Fibre","D","SG D3B","SG D"
"486","D3B","Black",1.25,"Fibre","D","SG D3B","SG D"
"487","D3B","Black",0.31,"Fibre","D","SG D3B","SG D"
"488","D3B","Other",0.14,"Fibre","D","SG D3B","SG D"
"489","D3B","Other",0.15,"Fibre","D","SG D3B","SG D"
"490","D3B","Green",0.19,"Fibre","D","SG D3B","SG D"
"491","D3B","Transparent",0.87,"Fibre","D","SG D3B","SG D"
"492","D3B","Transparent",2.28,"Fibre","D","SG D3B","SG D"
"493","D3B","Transparent",1.5,"Fibre","D","SG D3B","SG D"
"494","D3B","Red",0.04,"Fragment","D","SG D3B","SG D"
"495","D3B","Other",0.16,"Fragment","D","SG D3B","SG D"
"496","D3B","Green",0.35,"Foam","D","SG D3B","SG D"
"497","P1A","Transparent",0.3,"Fibre","P","SG P1A","SG P"
"498","P1A","Transparent",0.89,"Fibre","P","SG P1A","SG P"
"499","P1A","Transparent",1.5,"Fibre","P","SG P1A","SG P"
"500","P1A","Transparent",0.99,"Fibre","P","SG P1A","SG P"
"501","P1A","Transparent",2.67,"Fibre","P","SG P1A","SG P"
"502","P1A","Transparent",0.54,"Fibre","P","SG P1A","SG P"
"503","P1A","Transparent",3.15,"Fibre","P","SG P1A","SG P"
"504","P1A","Transparent",0.61,"Fibre","P","SG P1A","SG P"
"505","P1A","Transparent",0.74,"Fibre","P","SG P1A","SG P"
"506","P1A","Transparent",1.3,"Fibre","P","SG P1A","SG P"
"507","P1A","Transparent",0.61,"Fibre","P","SG P1A","SG P"
"508","P1A","Transparent",0.97,"Fibre","P","SG P1A","SG P"
"509","P1A","Transparent",1.58,"Fibre","P","SG P1A","SG P"
"510","P1A","Transparent",0.92,"Fibre","P","SG P1A","SG P"
"511","P1A","Transparent",0.78,"Fibre","P","SG P1A","SG P"
"512","P1A","Transparent",0.78,"Fibre","P","SG P1A","SG P"
"513","P1A","Red",0.22,"Fibre","P","SG P1A","SG P"
"514","P1A","Red",0.26,"Fibre","P","SG P1A","SG P"
"515","P1A","Red",0.51,"Fibre","P","SG P1A","SG P"
"516","P1A","Red",0.54,"Fibre","P","SG P1A","SG P"
"517","P1A","Red",0.54,"Fibre","P","SG P1A","SG P"
"518","P1A","Red",0.62,"Fibre","P","SG P1A","SG P"
"519","P1A","Green",0.33,"Fibre","P","SG P1A","SG P"
"520","P1A","Green",0.06,"Fibre","P","SG P1A","SG P"
"521","P1A","Green",0.65,"Fibre","P","SG P1A","SG P"
"522","P1A","Green",1.72,"Fibre","P","SG P1A","SG P"
"523","P1A","Green",0.95,"Fibre","P","SG P1A","SG P"
"524","P1A","Green",0.35,"Fibre","P","SG P1A","SG P"
"525","P1A","Green",0.27,"Fibre","P","SG P1A","SG P"
"526","P1A","Green",2.08,"Fibre","P","SG P1A","SG P"
"527","P1A","Green",2.34,"Fibre","P","SG P1A","SG P"
"528","P1A","Green",1.43,"Fibre","P","SG P1A","SG P"
"529","P1A","Green",0.15,"Fibre","P","SG P1A","SG P"
"530","P1A","Green",1.98,"Fibre","P","SG P1A","SG P"
"531","P1A","Green",1,"Fibre","P","SG P1A","SG P"
"532","P1A","Green",0.55,"Fibre","P","SG P1A","SG P"
"533","P1A","Blue",2.42,"Fibre","P","SG P1A","SG P"
"534","P1A","Blue",0.69,"Fibre","P","SG P1A","SG P"
"535","P1A","Blue",0.22,"Fibre","P","SG P1A","SG P"
"536","P1A","Blue",0.24,"Fibre","P","SG P1A","SG P"
"537","P1A","Blue",0.15,"Fibre","P","SG P1A","SG P"
"538","P1A","Blue",0.34,"Fibre","P","SG P1A","SG P"
"539","P1A","Blue",1.22,"Fibre","P","SG P1A","SG P"
"540","P1A","Blue",0.26,"Fibre","P","SG P1A","SG P"
"541","P1A","Blue",2.01,"Fibre","P","SG P1A","SG P"
"542","P1A","Blue",0.26,"Fibre","P","SG P1A","SG P"
"543","P1A","Blue",0.24,"Fibre","P","SG P1A","SG P"
"544","P1A","Blue",1.04,"Fibre","P","SG P1A","SG P"
"545","P1A","Blue",1.19,"Fibre","P","SG P1A","SG P"
"546","P1A","Blue",0.64,"Fibre","P","SG P1A","SG P"
"547","P1A","Blue",1.48,"Fibre","P","SG P1A","SG P"
"548","P1A","Blue",4.94,"Fibre","P","SG P1A","SG P"
"549","P1A","Blue",4.28,"Fibre","P","SG P1A","SG P"
"550","P1A","Blue",0.42,"Fibre","P","SG P1A","SG P"
"551","P1A","Blue",1.17,"Fibre","P","SG P1A","SG P"
"552","P1A","Blue",0.62,"Fibre","P","SG P1A","SG P"
"553","P1A","Blue",0.19,"Fibre","P","SG P1A","SG P"
"554","P1A","Blue",0.15,"Fibre","P","SG P1A","SG P"
"555","P1A","Blue",0.27,"Fibre","P","SG P1A","SG P"
"556","P1A","Blue",0.3,"Fibre","P","SG P1A","SG P"
"557","P1A","Black",1.84,"Fibre","P","SG P1A","SG P"
"558","P1A","Black",2.71,"Fibre","P","SG P1A","SG P"
"559","P1A","Black",1.41,"Fibre","P","SG P1A","SG P"
"560","P1A","Black",0.29,"Fibre","P","SG P1A","SG P"
"561","P1A","Black",0.78,"Fibre","P","SG P1A","SG P"
"562","P1A","Black",0.16,"Fibre","P","SG P1A","SG P"
"563","P1A","Black",0.68,"Fibre","P","SG P1A","SG P"
"564","P1A","Black",1.16,"Fibre","P","SG P1A","SG P"
"565","P1A","Black",0.73,"Fibre","P","SG P1A","SG P"
"566","P1A","Black",0.45,"Fibre","P","SG P1A","SG P"
"567","P1A","Black",1.14,"Fibre","P","SG P1A","SG P"
"568","P1A","Black",0.77,"Fibre","P","SG P1A","SG P"
"569","P1A","Black",0.53,"Fibre","P","SG P1A","SG P"
"570","P1A","Black",0.21,"Fibre","P","SG P1A","SG P"
"571","P1A","Black",0.16,"Fibre","P","SG P1A","SG P"
"572","P1A","Black",0.08,"Fibre","P","SG P1A","SG P"
"573","P1A","Other",0.15,"Fibre","P","SG P1A","SG P"
"574","P1A","Other",0.17,"Fibre","P","SG P1A","SG P"
"575","P1A","Blue",0.05,"Fragment","P","SG P1A","SG P"
"576","P1A","Blue",0.05,"Fragment","P","SG P1A","SG P"
"577","P1A","Blue",0.04,"Fragment","P","SG P1A","SG P"
"578","P1A","Black",0.18,"Fragment","P","SG P1A","SG P"
"579","P1A","Green",0.03,"Fragment","P","SG P1A","SG P"
"580","P1A","Green",0.03,"Fragment","P","SG P1A","SG P"
"581","P1B","Black",0.34,"Fibre","P","SG P1B","SG P"
"582","P1B","Black",0.69,"Fibre","P","SG P1B","SG P"
"583","P1B","Black",1.76,"Fibre","P","SG P1B","SG P"
"584","P1B","Black",0.3,"Fibre","P","SG P1B","SG P"
"585","P1B","Black",1.19,"Fibre","P","SG P1B","SG P"
"586","P1B","Black",0.51,"Fibre","P","SG P1B","SG P"
"587","P1B","Black",0.46,"Fibre","P","SG P1B","SG P"
"588","P1B","Black",0.08,"Fibre","P","SG P1B","SG P"
"589","P1B","Red",0.95,"Fibre","P","SG P1B","SG P"
"590","P1B","Blue",1.97,"Fibre","P","SG P1B","SG P"
"591","P1B","Blue",0.15,"Fibre","P","SG P1B","SG P"
"592","P1B","Blue",0.26,"Fibre","P","SG P1B","SG P"
"593","P1B","Blue",2.18,"Fibre","P","SG P1B","SG P"
"594","P1B","Blue",1.38,"Fibre","P","SG P1B","SG P"
"595","P1B","Blue",1.28,"Fibre","P","SG P1B","SG P"
"596","P1B","Blue",0.48,"Fibre","P","SG P1B","SG P"
"597","P1B","Blue",1.48,"Fibre","P","SG P1B","SG P"
"598","P1B","Blue",0.56,"Fibre","P","SG P1B","SG P"
"599","P1B","Blue",0.63,"Fibre","P","SG P1B","SG P"
"600","P1B","Blue",1.2,"Fibre","P","SG P1B","SG P"
"601","P1B","Blue",1.28,"Fibre","P","SG P1B","SG P"
"602","P1B","Blue",1.97,"Fibre","P","SG P1B","SG P"
"603","P1B","Blue",0.27,"Fibre","P","SG P1B","SG P"
"604","P1B","Blue",0.51,"Fibre","P","SG P1B","SG P"
"605","P1B","Blue",2.24,"Fibre","P","SG P1B","SG P"
"606","P1B","Blue",8.22,"Fibre","P","SG P1B","SG P"
"607","P1B","Blue",0.87,"Fibre","P","SG P1B","SG P"
"608","P1B","Blue",4.9,"Fibre","P","SG P1B","SG P"
"609","P1B","Blue",2.13,"Fibre","P","SG P1B","SG P"
"610","P1B","Blue",2.16,"Fibre","P","SG P1B","SG P"
"611","P1B","Blue",0.47,"Fibre","P","SG P1B","SG P"
"612","P1B","Green",1.81,"Fibre","P","SG P1B","SG P"
"613","P1B","Green",1.82,"Fibre","P","SG P1B","SG P"
"614","P1B","Green",1.18,"Fibre","P","SG P1B","SG P"
"615","P1B","Green",0.31,"Fibre","P","SG P1B","SG P"
"616","P1B","Green",1.68,"Fibre","P","SG P1B","SG P"
"617","P1B","Green",1.56,"Fibre","P","SG P1B","SG P"
"618","P1B","Green",0.18,"Fibre","P","SG P1B","SG P"
"619","P1B","Green",0.9,"Fibre","P","SG P1B","SG P"
"620","P1B","Green",0.87,"Fibre","P","SG P1B","SG P"
"621","P1B","Green",0.76,"Fibre","P","SG P1B","SG P"
"622","P1B","Green",0.51,"Fibre","P","SG P1B","SG P"
"623","P1B","Green",1.36,"Fibre","P","SG P1B","SG P"
"624","P1B","Green",0.35,"Fibre","P","SG P1B","SG P"
"625","P1B","Green",0.2,"Fibre","P","SG P1B","SG P"
"626","P1B","Green",0.27,"Fibre","P","SG P1B","SG P"
"627","P1B","Green",0.89,"Fibre","P","SG P1B","SG P"
"628","P1B","Green",2.21,"Fibre","P","SG P1B","SG P"
"629","P1B","Green",0.6,"Fibre","P","SG P1B","SG P"
"630","P1B","Green",0.36,"Fibre","P","SG P1B","SG P"
"631","P1B","Transparent",2.64,"Fibre","P","SG P1B","SG P"
"632","P1B","Transparent",1,"Fibre","P","SG P1B","SG P"
"633","P1B","Transparent",0.96,"Fibre","P","SG P1B","SG P"
"634","P1B","Transparent",0.64,"Fibre","P","SG P1B","SG P"
"635","P1B","Transparent",1.72,"Fibre","P","SG P1B","SG P"
"636","P1B","Transparent",1.47,"Fibre","P","SG P1B","SG P"
"637","P1B","Transparent",1.26,"Fibre","P","SG P1B","SG P"
"638","P1B","Transparent",0.7,"Fibre","P","SG P1B","SG P"
"639","P1B","Transparent",0.67,"Fibre","P","SG P1B","SG P"
"640","P1B","Transparent",0.76,"Fibre","P","SG P1B","SG P"
"641","P1B","Transparent",0.45,"Fibre","P","SG P1B","SG P"
"642","P1B","Transparent",1.53,"Fibre","P","SG P1B","SG P"
"643","P1B","Transparent",0.83,"Fibre","P","SG P1B","SG P"
"644","P1B","Transparent",0.49,"Fibre","P","SG P1B","SG P"
"645","P1B","Transparent",1.69,"Fibre","P","SG P1B","SG P"
"646","P1B","Transparent",1.18,"Fibre","P","SG P1B","SG P"
"647","P1B","Transparent",1.03,"Fibre","P","SG P1B","SG P"
"648","P1B","Transparent",2.08,"Fibre","P","SG P1B","SG P"
"649","P1B","Transparent",0.5,"Fibre","P","SG P1B","SG P"
"650","P1B","Transparent",1.75,"Fibre","P","SG P1B","SG P"
"651","P1B","Transparent",1.76,"Fibre","P","SG P1B","SG P"
"652","P1B","Blue",0.02,"Fragment","P","SG P1B","SG P"
"653","P1B","Blue",0.04,"Fragment","P","SG P1B","SG P"
"654","P1B","Black",0.05,"Fragment","P","SG P1B","SG P"
"655","P2A","Green",0.15,"Fibre","P","SG P2A","SG P"
"656","P2A","Green",0.3,"Fibre","P","SG P2A","SG P"
"657","P2A","Green",0.52,"Fibre","P","SG P2A","SG P"
"658","P2A","Green",0.51,"Fibre","P","SG P2A","SG P"
"659","P2A","Green",1.07,"Fibre","P","SG P2A","SG P"
"660","P2A","Green",0.58,"Fibre","P","SG P2A","SG P"
"661","P2A","Green",1.75,"Fibre","P","SG P2A","SG P"
"662","P2A","Green",0.8,"Fibre","P","SG P2A","SG P"
"663","P2A","Blue",1.64,"Fibre","P","SG P2A","SG P"
"664","P2A","Blue",1.93,"Fibre","P","SG P2A","SG P"
"665","P2A","Blue",0.8,"Fibre","P","SG P2A","SG P"
"666","P2A","Blue",4.82,"Fibre","P","SG P2A","SG P"
"667","P2A","Blue",0.29,"Fibre","P","SG P2A","SG P"
"668","P2A","Blue",2.79,"Fibre","P","SG P2A","SG P"
"669","P2A","Blue",1.27,"Fibre","P","SG P2A","SG P"
"670","P2A","Blue",8.74,"Fibre","P","SG P2A","SG P"
"671","P2A","Blue",0.3,"Fibre","P","SG P2A","SG P"
"672","P2A","Blue",0.19,"Fibre","P","SG P2A","SG P"
"673","P2A","Blue",1.4,"Fibre","P","SG P2A","SG P"
"674","P2A","Blue",2.27,"Fibre","P","SG P2A","SG P"
"675","P2A","Blue",1.53,"Fibre","P","SG P2A","SG P"
"676","P2A","Blue",0.23,"Fibre","P","SG P2A","SG P"
"677","P2A","Blue",1.24,"Fibre","P","SG P2A","SG P"
"678","P2A","Black",3.05,"Fibre","P","SG P2A","SG P"
"679","P2A","Black",0.68,"Fibre","P","SG P2A","SG P"
"680","P2A","Black",1.25,"Fibre","P","SG P2A","SG P"
"681","P2A","Black",0.48,"Fibre","P","SG P2A","SG P"
"682","P2A","Black",0.31,"Fibre","P","SG P2A","SG P"
"683","P2A","Black",1.2,"Fibre","P","SG P2A","SG P"
"684","P2A","Black",1.31,"Fibre","P","SG P2A","SG P"
"685","P2A","Black",3.17,"Fibre","P","SG P2A","SG P"
"686","P2A","Black",0.23,"Fibre","P","SG P2A","SG P"
"687","P2A","Transparent",1.38,"Fibre","P","SG P2A","SG P"
"688","P2A","Transparent",1.35,"Fibre","P","SG P2A","SG P"
"689","P2A","Transparent",1.67,"Fibre","P","SG P2A","SG P"
"690","P2A","Transparent",1.19,"Fibre","P","SG P2A","SG P"
"691","P2A","Transparent",1.85,"Fibre","P","SG P2A","SG P"
"692","P2A","Transparent",1.46,"Fibre","P","SG P2A","SG P"
"693","P2A","Red",0.68,"Fibre","P","SG P2A","SG P"
"694","P2A","Red",1,"Fibre","P","SG P2A","SG P"
"695","P2A","Black",0.29,"Fragment","P","SG P2A","SG P"
"696","P2A","Black",0.16,"Fragment","P","SG P2A","SG P"
"697","P2A","Black",0.27,"Fragment","P","SG P2A","SG P"
"698","P2A","Black",0.15,"Fragment","P","SG P2A","SG P"
"699","P2B","Transparent",0.8,"Fibre","P","SG P2B","SG P"
"700","P2B","Transparent",1.42,"Fibre","P","SG P2B","SG P"
"701","P2B","Transparent",1.42,"Fibre","P","SG P2B","SG P"
"702","P2B","Transparent",0.3,"Fibre","P","SG P2B","SG P"
"703","P2B","Transparent",0.56,"Fibre","P","SG P2B","SG P"
"704","P2B","Transparent",1.44,"Fibre","P","SG P2B","SG P"
"705","P2B","Transparent",1.24,"Fibre","P","SG P2B","SG P"
"706","P2B","Transparent",0.42,"Fibre","P","SG P2B","SG P"
"707","P2B","Transparent",0.74,"Fibre","P","SG P2B","SG P"
"708","P2B","Transparent",1.53,"Fibre","P","SG P2B","SG P"
"709","P2B","Transparent",1.03,"Fibre","P","SG P2B","SG P"
"710","P2B","Transparent",1.89,"Fibre","P","SG P2B","SG P"
"711","P2B","Blue",0.19,"Fibre","P","SG P2B","SG P"
"712","P2B","Blue",0.14,"Fibre","P","SG P2B","SG P"
"713","P2B","Blue",0.38,"Fibre","P","SG P2B","SG P"
"714","P2B","Blue",0.03,"Fibre","P","SG P2B","SG P"
"715","P2B","Blue",1.6,"Fibre","P","SG P2B","SG P"
"716","P2B","Blue",0.07,"Fibre","P","SG P2B","SG P"
"717","P2B","Blue",0.25,"Fibre","P","SG P2B","SG P"
"718","P2B","Blue",0.18,"Fibre","P","SG P2B","SG P"
"719","P2B","Blue",0.08,"Fibre","P","SG P2B","SG P"
"720","P2B","Blue",0.46,"Fibre","P","SG P2B","SG P"
"721","P2B","Blue",0.2,"Fibre","P","SG P2B","SG P"
"722","P2B","Blue",0.21,"Fibre","P","SG P2B","SG P"
"723","P2B","Blue",0.16,"Fibre","P","SG P2B","SG P"
"724","P2B","Blue",0.46,"Fibre","P","SG P2B","SG P"
"725","P2B","Blue",0.27,"Fibre","P","SG P2B","SG P"
"726","P2B","Blue",0.36,"Fibre","P","SG P2B","SG P"
"727","P2B","Blue",0.36,"Fibre","P","SG P2B","SG P"
"728","P2B","Blue",1.56,"Fibre","P","SG P2B","SG P"
"729","P2B","Blue",0.05,"Fibre","P","SG P2B","SG P"
"730","P2B","Blue",0.13,"Fibre","P","SG P2B","SG P"
"731","P2B","Blue",0.15,"Fibre","P","SG P2B","SG P"
"732","P2B","Blue",0.29,"Fibre","P","SG P2B","SG P"
"733","P2B","Blue",1.66,"Fibre","P","SG P2B","SG P"
"734","P2B","Blue",1.29,"Fibre","P","SG P2B","SG P"
"735","P2B","Black",3.47,"Fibre","P","SG P2B","SG P"
"736","P2B","Black",0.49,"Fibre","P","SG P2B","SG P"
"737","P2B","Black",0.11,"Fibre","P","SG P2B","SG P"
"738","P2B","Black",0.15,"Fibre","P","SG P2B","SG P"
"739","P2B","Black",1.2,"Fibre","P","SG P2B","SG P"
"740","P2B","Black",0.98,"Fibre","P","SG P2B","SG P"
"741","P2B","Black",0.11,"Fibre","P","SG P2B","SG P"
"742","P2B","Black",0.59,"Fibre","P","SG P2B","SG P"
"743","P2B","Black",0.18,"Fibre","P","SG P2B","SG P"
"744","P2B","Black",1.14,"Fibre","P","SG P2B","SG P"
"745","P2B","Black",0.68,"Fibre","P","SG P2B","SG P"
"746","P2B","Black",0.99,"Fibre","P","SG P2B","SG P"
"747","P2B","Black",0.36,"Fibre","P","SG P2B","SG P"
"748","P2B","Black",0.14,"Fibre","P","SG P2B","SG P"
"749","P2B","Black",0.06,"Fibre","P","SG P2B","SG P"
"750","P2B","Black",0.09,"Fibre","P","SG P2B","SG P"
"751","P2B","Black",0.22,"Fibre","P","SG P2B","SG P"
"752","P2B","Black",0.86,"Fibre","P","SG P2B","SG P"
"753","P2B","Black",0.17,"Fibre","P","SG P2B","SG P"
"754","P2B","Black",0.27,"Fibre","P","SG P2B","SG P"
"755","P2B","Black",0.32,"Fibre","P","SG P2B","SG P"
"756","P2B","Black",0.35,"Fibre","P","SG P2B","SG P"
"757","P2B","Black",0.55,"Fibre","P","SG P2B","SG P"
"758","P2B","Black",0.16,"Fibre","P","SG P2B","SG P"
"759","P2B","Black",0.46,"Fibre","P","SG P2B","SG P"
"760","P2B","Black",0.14,"Fibre","P","SG P2B","SG P"
"761","P2B","Black",0.35,"Fibre","P","SG P2B","SG P"
"762","P2B","Black",0.19,"Fibre","P","SG P2B","SG P"
"763","P2B","Black",0.23,"Fibre","P","SG P2B","SG P"
"764","P2B","Black",0.82,"Fibre","P","SG P2B","SG P"
"765","P2B","Black",0.2,"Fibre","P","SG P2B","SG P"
"766","P2B","Black",0.15,"Fibre","P","SG P2B","SG P"
"767","P2B","Black",0.11,"Fibre","P","SG P2B","SG P"
"768","P2B","Black",0.38,"Fibre","P","SG P2B","SG P"
"769","P2B","Black",0.16,"Fibre","P","SG P2B","SG P"
"770","P2B","Black",0.07,"Fibre","P","SG P2B","SG P"
"771","P2B","Black",0.31,"Fibre","P","SG P2B","SG P"
"772","P2B","Black",1.33,"Fibre","P","SG P2B","SG P"
"773","P2B","Green",0.69,"Fibre","P","SG P2B","SG P"
"774","P2B","Green",0.08,"Fibre","P","SG P2B","SG P"
"775","P2B","Green",2.67,"Fibre","P","SG P2B","SG P"
"776","P2B","Green",0.56,"Fibre","P","SG P2B","SG P"
"777","P2B","Green",0.19,"Fibre","P","SG P2B","SG P"
"778","P2B","Green",0.41,"Fibre","P","SG P2B","SG P"
"779","P2B","Green",0.92,"Fibre","P","SG P2B","SG P"
"780","P2B","Red",0.51,"Fibre","P","SG P2B","SG P"
"781","P2B","Other",0.7,"Fibre","P","SG P2B","SG P"
"782","P2B","Blue",0.04,"Fragment","P","SG P2B","SG P"
"783","P2B","Blue",0.03,"Fragment","P","SG P2B","SG P"
"784","P2B","Blue",0.02,"Fragment","P","SG P2B","SG P"
"785","P2B","Blue",0.02,"Fragment","P","SG P2B","SG P"
"786","P2B","Black",0.15,"Fragment","P","SG P2B","SG P"
"787","P2B","Black",0.09,"Fragment","P","SG P2B","SG P"
"788","P3A","Blue",2.04,"Fibre","P","SG P3A","SG P"
"789","P3A","Blue",2.7,"Fibre","P","SG P3A","SG P"
"790","P3A","Blue",0.51,"Fibre","P","SG P3A","SG P"
"791","P3A","Blue",0.8,"Fibre","P","SG P3A","SG P"
"792","P3A","Blue",1.29,"Fibre","P","SG P3A","SG P"
"793","P3A","Blue",2.64,"Fibre","P","SG P3A","SG P"
"794","P3A","Blue",0.63,"Fibre","P","SG P3A","SG P"
"795","P3A","Blue",2.55,"Fibre","P","SG P3A","SG P"
"796","P3A","Black",4.45,"Fibre","P","SG P3A","SG P"
"797","P3A","Black",2.22,"Fibre","P","SG P3A","SG P"
"798","P3A","Black",1.14,"Fibre","P","SG P3A","SG P"
"799","P3A","Black",1.51,"Fibre","P","SG P3A","SG P"
"800","P3A","Black",1.34,"Fibre","P","SG P3A","SG P"
"801","P3A","Black",1.91,"Fibre","P","SG P3A","SG P"
"802","P3A","Black",3.43,"Fibre","P","SG P3A","SG P"
"803","P3A","Black",0.07,"Fibre","P","SG P3A","SG P"
"804","P3A","Black",9.79,"Fibre","P","SG P3A","SG P"
"805","P3A","Black",1.23,"Fibre","P","SG P3A","SG P"
"806","P3A","Black",0.13,"Fibre","P","SG P3A","SG P"
"807","P3A","Black",0.22,"Fibre","P","SG P3A","SG P"
"808","P3A","Black",0.6,"Fibre","P","SG P3A","SG P"
"809","P3A","Black",0.94,"Fibre","P","SG P3A","SG P"
"810","P3A","Black",0.4,"Fibre","P","SG P3A","SG P"
"811","P3A","Black",1.84,"Fibre","P","SG P3A","SG P"
"812","P3A","Green",1.33,"Fibre","P","SG P3A","SG P"
"813","P3A","Green",2.1,"Fibre","P","SG P3A","SG P"
"814","P3A","Green",1.06,"Fibre","P","SG P3A","SG P"
"815","P3A","Green",0.12,"Fibre","P","SG P3A","SG P"
"816","P3A","Green",0.04,"Fibre","P","SG P3A","SG P"
"817","P3A","Green",0.21,"Fibre","P","SG P3A","SG P"
"818","P3B","Blue",1.64,"Fibre","P","SG P3B","SG P"
"819","P3B","Blue",0.88,"Fibre","P","SG P3B","SG P"
"820","P3B","Blue",0.19,"Fibre","P","SG P3B","SG P"
"821","P3B","Blue",1.55,"Fibre","P","SG P3B","SG P"
"822","P3B","Blue",0.42,"Fibre","P","SG P3B","SG P"
"823","P3B","Blue",1.61,"Fibre","P","SG P3B","SG P"
"824","P3B","Blue",0.64,"Fibre","P","SG P3B","SG P"
"825","P3B","Blue",0.09,"Fibre","P","SG P3B","SG P"
"826","P3B","Blue",2.49,"Fibre","P","SG P3B","SG P"
"827","P3B","Blue",0.26,"Fibre","P","SG P3B","SG P"
"828","P3B","Blue",0.89,"Fibre","P","SG P3B","SG P"
"829","P3B","Blue",0.15,"Fibre","P","SG P3B","SG P"
"830","P3B","Blue",2.03,"Fibre","P","SG P3B","SG P"
"831","P3B","Blue",0.16,"Fibre","P","SG P3B","SG P"
"832","P3B","Blue",3.23,"Fibre","P","SG P3B","SG P"
"833","P3B","Black",1.12,"Fibre","P","SG P3B","SG P"
"834","P3B","Black",0.18,"Fibre","P","SG P3B","SG P"
"835","P3B","Black",2.34,"Fibre","P","SG P3B","SG P"
"836","P3B","Black",1.26,"Fibre","P","SG P3B","SG P"
"837","P3B","Black",0.36,"Fibre","P","SG P3B","SG P"
"838","P3B","Black",0.21,"Fibre","P","SG P3B","SG P"
"839","P3B","Black",0.78,"Fibre","P","SG P3B","SG P"
"840","P3B","Black",0.14,"Fibre","P","SG P3B","SG P"
"841","P3B","Black",0.12,"Fibre","P","SG P3B","SG P"
"842","P3B","Black",0.3,"Fibre","P","SG P3B","SG P"
"843","P3B","Black",3.88,"Fibre","P","SG P3B","SG P"
"844","P3B","Black",0.28,"Fibre","P","SG P3B","SG P"
"845","P3B","Black",2.79,"Fibre","P","SG P3B","SG P"
"846","P3B","Black",0.43,"Fibre","P","SG P3B","SG P"
"847","P3B","Green",1.42,"Fibre","P","SG P3B","SG P"
"848","P3B","Green",1.86,"Fibre","P","SG P3B","SG P"
"849","P3B","Green",2.62,"Fibre","P","SG P3B","SG P"
"850","P3B","Red",0.62,"Fibre","P","SG P3B","SG P"
"851","V1A","Blue",1.09,"Fibre","V","SG V1A","SG V"
"852","V1A","Blue",0.28,"Fibre","V","SG V1A","SG V"
"853","V1A","Blue",0.51,"Fibre","V","SG V1A","SG V"
"854","V1A","Blue",0.79,"Fibre","V","SG V1A","SG V"
"855","V1A","Blue",0.69,"Fibre","V","SG V1A","SG V"
"856","V1A","Blue",1.3,"Fibre","V","SG V1A","SG V"
"857","V1A","Blue",1.33,"Fibre","V","SG V1A","SG V"
"858","V1A","Blue",0.47,"Fibre","V","SG V1A","SG V"
"859","V1A","Blue",8.07,"Fibre","V","SG V1A","SG V"
"860","V1A","Green",0.23,"Fibre","V","SG V1A","SG V"
"861","V1A","Green",1.6,"Fibre","V","SG V1A","SG V"
"862","V1A","Transparent",0.64,"Fibre","V","SG V1A","SG V"
"863","V1A","Transparent",2.21,"Fibre","V","SG V1A","SG V"
"864","V1A","Transparent",0.9,"Fibre","V","SG V1A","SG V"
"865","V1A","Transparent",0.59,"Fibre","V","SG V1A","SG V"
"866","V1A","Transparent",0.23,"Fibre","V","SG V1A","SG V"
"867","V1A","Transparent",2.81,"Fibre","V","SG V1A","SG V"
"868","V1A","Black",0.1,"Fibre","V","SG V1A","SG V"
"869","V1A","Black",1.18,"Fibre","V","SG V1A","SG V"
"870","V1A","Black",0.13,"Fibre","V","SG V1A","SG V"
"871","V1A","Black",0.35,"Fibre","V","SG V1A","SG V"
"872","V1A","Black",0.6,"Fibre","V","SG V1A","SG V"
"873","V1A","Black",0.15,"Fibre","V","SG V1A","SG V"
"874","V1A","Black",0.09,"Fibre","V","SG V1A","SG V"
"875","V1A","Other",0.34,"Foam","V","SG V1A","SG V"
"876","V1A","Other",0.18,"Foam","V","SG V1A","SG V"
"877","V1A","Transparent",0.05,"Foam","V","SG V1A","SG V"
"878","V1B","Black",1.45,"Fibre","V","SG V1B","SG V"
"879","V1B","Black",1.24,"Fibre","V","SG V1B","SG V"
"880","V1B","Black",0.69,"Fibre","V","SG V1B","SG V"
"881","V1B","Black",0.14,"Fibre","V","SG V1B","SG V"
"882","V1B","Black",1.64,"Fibre","V","SG V1B","SG V"
"883","V1B","Black",0.57,"Fibre","V","SG V1B","SG V"
"884","V1B","Black",0.13,"Fibre","V","SG V1B","SG V"
"885","V1B","Black",0.56,"Fibre","V","SG V1B","SG V"
"886","V1B","Black",5.59,"Fibre","V","SG V1B","SG V"
"887","V1B","Black",0.86,"Fibre","V","SG V1B","SG V"
"888","V1B","Black",0.4,"Fibre","V","SG V1B","SG V"
"889","V1B","Black",0.61,"Fibre","V","SG V1B","SG V"
"890","V1B","Black",1.49,"Fibre","V","SG V1B","SG V"
"891","V1B","Black",1.08,"Fibre","V","SG V1B","SG V"
"892","V1B","Black",1.05,"Fibre","V","SG V1B","SG V"
"893","V1B","Black",0.25,"Fibre","V","SG V1B","SG V"
"894","V1B","Other",0.45,"Fibre","V","SG V1B","SG V"
"895","V1B","Other",0.8,"Fibre","V","SG V1B","SG V"
"896","V1B","Other",0.45,"Fibre","V","SG V1B","SG V"
"897","V1B","Other",0.58,"Fibre","V","SG V1B","SG V"
"898","V1B","Other",0.58,"Fibre","V","SG V1B","SG V"
"899","V1B","Transparent",0.58,"Fibre","V","SG V1B","SG V"
"900","V1B","Transparent",0.34,"Fibre","V","SG V1B","SG V"
"901","V1B","Blue",6.06,"Fibre","V","SG V1B","SG V"
"902","V1B","Blue",0.94,"Fibre","V","SG V1B","SG V"
"903","V1B","Blue",1.06,"Fibre","V","SG V1B","SG V"
"904","V1B","Blue",0.17,"Fibre","V","SG V1B","SG V"
"905","V1B","Blue",0.99,"Fibre","V","SG V1B","SG V"
"906","V1B","Blue",0.3,"Fibre","V","SG V1B","SG V"
"907","V1B","Blue",0.14,"Fibre","V","SG V1B","SG V"
"908","V1B","Blue",1.25,"Fibre","V","SG V1B","SG V"
"909","V1B","Green",0.51,"Fibre","V","SG V1B","SG V"
"910","V1B","Green",3.18,"Fibre","V","SG V1B","SG V"
"911","V2A","Green",1.19,"Fibre","V","SG V2A","SG V"
"912","V2A","Green",0.24,"Fibre","V","SG V2A","SG V"
"913","V2A","Green",2.91,"Fibre","V","SG V2A","SG V"
"914","V2A","Green",1.81,"Fibre","V","SG V2A","SG V"
"915","V2A","Green",2.95,"Fibre","V","SG V2A","SG V"
"916","V2A","Transparent",1.1,"Fibre","V","SG V2A","SG V"
"917","V2A","Transparent",1.76,"Fibre","V","SG V2A","SG V"
"918","V2A","Transparent",2.15,"Fibre","V","SG V2A","SG V"
"919","V2A","Transparent",2.34,"Fibre","V","SG V2A","SG V"
"920","V2A","Transparent",1.47,"Fibre","V","SG V2A","SG V"
"921","V2A","Transparent",1.34,"Fibre","V","SG V2A","SG V"
"922","V2A","Transparent",0.48,"Fibre","V","SG V2A","SG V"
"923","V2A","Transparent",1.16,"Fibre","V","SG V2A","SG V"
"924","V2A","Transparent",0.31,"Fibre","V","SG V2A","SG V"
"925","V2A","Transparent",1.44,"Fibre","V","SG V2A","SG V"
"926","V2A","Transparent",1.64,"Fibre","V","SG V2A","SG V"
"927","V2A","Transparent",0.82,"Fibre","V","SG V2A","SG V"
"928","V2A","Transparent",0.9,"Fibre","V","SG V2A","SG V"
"929","V2A","Transparent",2,"Fibre","V","SG V2A","SG V"
"930","V2A","Other",0.52,"Fibre","V","SG V2A","SG V"
"931","V2A","Other",0.7,"Fibre","V","SG V2A","SG V"
"932","V2A","Blue",0.94,"Fibre","V","SG V2A","SG V"
"933","V2A","Blue",3.42,"Fibre","V","SG V2A","SG V"
"934","V2A","Blue",0.29,"Fibre","V","SG V2A","SG V"
"935","V2A","Blue",1.28,"Fibre","V","SG V2A","SG V"
"936","V2A","Blue",1.48,"Fibre","V","SG V2A","SG V"
"937","V2A","Blue",1.74,"Fibre","V","SG V2A","SG V"
"938","V2A","Blue",2.82,"Fibre","V","SG V2A","SG V"
"939","V2A","Blue",0.05,"Fibre","V","SG V2A","SG V"
"940","V2A","Blue",0.09,"Fibre","V","SG V2A","SG V"
"941","V2A","Blue",1.45,"Fibre","V","SG V2A","SG V"
"942","V2A","Black",1.15,"Fibre","V","SG V2A","SG V"
"943","V2A","Black",2.5,"Fibre","V","SG V2A","SG V"
"944","V2A","Black",0.72,"Fibre","V","SG V2A","SG V"
"945","V2A","Black",0.44,"Fibre","V","SG V2A","SG V"
"946","V2A","Black",0.15,"Fibre","V","SG V2A","SG V"
"947","V2A","Black",2.46,"Fibre","V","SG V2A","SG V"
"948","V2A","Black",2.68,"Fibre","V","SG V2A","SG V"
"949","V2A","Black",0.18,"Fibre","V","SG V2A","SG V"
"950","V2A","Black",0.32,"Fibre","V","SG V2A","SG V"
"951","V2A","Black",1.04,"Fibre","V","SG V2A","SG V"
"952","V2A","Black",1.65,"Fibre","V","SG V2A","SG V"
"953","V2A","Black",0.15,"Fibre","V","SG V2A","SG V"
"954","V2A","Black",1.93,"Fibre","V","SG V2A","SG V"
"955","V2A","Black",0.22,"Fibre","V","SG V2A","SG V"
"956","V2A","Black",1.61,"Fibre","V","SG V2A","SG V"
"957","V2A","Black",0.52,"Fibre","V","SG V2A","SG V"
"958","V2A","Black",1.92,"Fibre","V","SG V2A","SG V"
"959","V2A","Black",0.18,"Fibre","V","SG V2A","SG V"
"960","V2A","Black",1.91,"Fibre","V","SG V2A","SG V"
"961","V2A","Red",0.79,"Fibre","V","SG V2A","SG V"
"962","V2A","Black",0.07,"Fragment","V","SG V2A","SG V"
"963","V2A","Black",0.08,"Fragment","V","SG V2A","SG V"
"964","V2A","Black",0.07,"Fragment","V","SG V2A","SG V"
"965","V2A","Black",0.22,"Fragment","V","SG V2A","SG V"
"966","V2A","Black",0.17,"Fragment","V","SG V2A","SG V"
"967","V2B","Transparent",0.36,"Fibre","V","SG V2B","SG V"
"968","V2B","Transparent",0.69,"Fibre","V","SG V2B","SG V"
"969","V2B","Transparent",0.5,"Fibre","V","SG V2B","SG V"
"970","V2B","Transparent",1.81,"Fibre","V","SG V2B","SG V"
"971","V2B","Transparent",0.39,"Fibre","V","SG V2B","SG V"
"972","V2B","Transparent",0.82,"Fibre","V","SG V2B","SG V"
"973","V2B","Transparent",0.88,"Fibre","V","SG V2B","SG V"
"974","V2B","Transparent",1.1,"Fibre","V","SG V2B","SG V"
"975","V2B","Transparent",2.45,"Fibre","V","SG V2B","SG V"
"976","V2B","Transparent",0.8,"Fibre","V","SG V2B","SG V"
"977","V2B","Transparent",0.43,"Fibre","V","SG V2B","SG V"
"978","V2B","Transparent",0.62,"Fibre","V","SG V2B","SG V"
"979","V2B","Black",0.27,"Fibre","V","SG V2B","SG V"
"980","V2B","Black",1.53,"Fibre","V","SG V2B","SG V"
"981","V2B","Black",0.45,"Fibre","V","SG V2B","SG V"
"982","V2B","Black",0.3,"Fibre","V","SG V2B","SG V"
"983","V2B","Black",1.94,"Fibre","V","SG V2B","SG V"
"984","V2B","Black",0.17,"Fibre","V","SG V2B","SG V"
"985","V2B","Black",0.15,"Fibre","V","SG V2B","SG V"
"986","V2B","Black",0.26,"Fibre","V","SG V2B","SG V"
"987","V2B","Black",2.18,"Fibre","V","SG V2B","SG V"
"988","V2B","Black",0.2,"Fibre","V","SG V2B","SG V"
"989","V2B","Black",1.45,"Fibre","V","SG V2B","SG V"
"990","V2B","Other",0.1,"Fibre","V","SG V2B","SG V"
"991","V2B","Other",0.36,"Fibre","V","SG V2B","SG V"
"992","V2B","Other",0.17,"Fibre","V","SG V2B","SG V"
"993","V2B","Blue",0.36,"Fibre","V","SG V2B","SG V"
"994","V2B","Blue",1.07,"Fibre","V","SG V2B","SG V"
"995","V2B","Blue",0.18,"Fibre","V","SG V2B","SG V"
"996","V2B","Blue",0.99,"Fibre","V","SG V2B","SG V"
"997","V2B","Blue",0.09,"Fibre","V","SG V2B","SG V"
"998","V2B","Blue",0.34,"Fibre","V","SG V2B","SG V"
"999","V2B","Blue",0.37,"Fibre","V","SG V2B","SG V"
"1000","V2B","Blue",1.94,"Fibre","V","SG V2B","SG V"
"1001","V2B","Green",0.6,"Fibre","V","SG V2B","SG V"
"1002","V2B","Red",0.05,"Fibre","V","SG V2B","SG V"
"1003","V2B","Black",0.09,"Fragment","V","SG V2B","SG V"
"1004","V2B","Black",0.18,"Fragment","V","SG V2B","SG V"
"1005","V2B","Black",0.22,"Fragment","V","SG V2B","SG V"
"1006","V2B","Green",0.09,"Foam","V","SG V2B","SG V"
"1007","V3A","Black",0.98,"Fibre","V","SG V3A","SG V"
"1008","V3A","Black",0.29,"Fibre","V","SG V3A","SG V"
"1009","V3A","Black",0.24,"Fibre","V","SG V3A","SG V"
"1010","V3A","Black",1.32,"Fibre","V","SG V3A","SG V"
"1011","V3A","Black",1.58,"Fibre","V","SG V3A","SG V"
"1012","V3A","Black",0.48,"Fibre","V","SG V3A","SG V"
"1013","V3A","Black",1.58,"Fibre","V","SG V3A","SG V"
"1014","V3A","Black",0.17,"Fibre","V","SG V3A","SG V"
"1015","V3A","Black",1.56,"Fibre","V","SG V3A","SG V"
"1016","V3A","Black",0.1,"Fibre","V","SG V3A","SG V"
"1017","V3A","Black",7.52,"Fibre","V","SG V3A","SG V"
"1018","V3A","Black",0.49,"Fibre","V","SG V3A","SG V"
"1019","V3A","Black",0.32,"Fibre","V","SG V3A","SG V"
"1020","V3A","Black",4.32,"Fibre","V","SG V3A","SG V"
"1021","V3A","Black",3.52,"Fibre","V","SG V3A","SG V"
"1022","V3A","Black",0.68,"Fibre","V","SG V3A","SG V"
"1023","V3A","Black",1.1,"Fibre","V","SG V3A","SG V"
"1024","V3A","Black",0.65,"Fibre","V","SG V3A","SG V"
"1025","V3A","Black",0.35,"Fibre","V","SG V3A","SG V"
"1026","V3A","Black",1.15,"Fibre","V","SG V3A","SG V"
"1027","V3A","Black",0.37,"Fibre","V","SG V3A","SG V"
"1028","V3A","Black",0.36,"Fibre","V","SG V3A","SG V"
"1029","V3A","Black",0.22,"Fibre","V","SG V3A","SG V"
"1030","V3A","Black",1.54,"Fibre","V","SG V3A","SG V"
"1031","V3A","Black",2.02,"Fibre","V","SG V3A","SG V"
"1032","V3A","Black",3.24,"Fibre","V","SG V3A","SG V"
"1033","V3A","Black",0.83,"Fibre","V","SG V3A","SG V"
"1034","V3A","Black",0.92,"Fibre","V","SG V3A","SG V"
"1035","V3A","Black",0.86,"Fibre","V","SG V3A","SG V"
"1036","V3A","Black",3.22,"Fibre","V","SG V3A","SG V"
"1037","V3A","Black",0.22,"Fibre","V","SG V3A","SG V"
"1038","V3A","Black",0.78,"Fibre","V","SG V3A","SG V"
"1039","V3A","Black",0.15,"Fibre","V","SG V3A","SG V"
"1040","V3A","Black",0.46,"Fibre","V","SG V3A","SG V"
"1041","V3A","Black",0.28,"Fibre","V","SG V3A","SG V"
"1042","V3A","Black",0.3,"Fibre","V","SG V3A","SG V"
"1043","V3A","Black",0.24,"Fibre","V","SG V3A","SG V"
"1044","V3A","Black",0.2,"Fibre","V","SG V3A","SG V"
"1045","V3A","Black",0.35,"Fibre","V","SG V3A","SG V"
"1046","V3A","Black",1.31,"Fibre","V","SG V3A","SG V"
"1047","V3A","Black",0.93,"Fibre","V","SG V3A","SG V"
"1048","V3A","Black",0.24,"Fibre","V","SG V3A","SG V"
"1049","V3A","Black",0.8,"Fibre","V","SG V3A","SG V"
"1050","V3A","Black",0.28,"Fibre","V","SG V3A","SG V"
"1051","V3A","Black",0.28,"Fibre","V","SG V3A","SG V"
"1052","V3A","Black",0.61,"Fibre","V","SG V3A","SG V"
"1053","V3A","Black",0.26,"Fibre","V","SG V3A","SG V"
"1054","V3A","Black",0.87,"Fibre","V","SG V3A","SG V"
"1055","V3A","Black",0.68,"Fibre","V","SG V3A","SG V"
"1056","V3A","Black",1.98,"Fibre","V","SG V3A","SG V"
"1057","V3A","Black",1.46,"Fibre","V","SG V3A","SG V"
"1058","V3A","Black",2.43,"Fibre","V","SG V3A","SG V"
"1059","V3A","Black",1.18,"Fibre","V","SG V3A","SG V"
"1060","V3A","Black",0.87,"Fibre","V","SG V3A","SG V"
"1061","V3A","Black",0.92,"Fibre","V","SG V3A","SG V"
"1062","V3A","Black",0.85,"Fibre","V","SG V3A","SG V"
"1063","V3A","Black",1,"Fibre","V","SG V3A","SG V"
"1064","V3A","Black",0.23,"Fibre","V","SG V3A","SG V"
"1065","V3A","Black",0.43,"Fibre","V","SG V3A","SG V"
"1066","V3A","Black",3.31,"Fibre","V","SG V3A","SG V"
"1067","V3A","Black",0.51,"Fibre","V","SG V3A","SG V"
"1068","V3A","Black",0.14,"Fibre","V","SG V3A","SG V"
"1069","V3A","Black",0.34,"Fibre","V","SG V3A","SG V"
"1070","V3A","Black",0.11,"Fibre","V","SG V3A","SG V"
"1071","V3A","Black",1.23,"Fibre","V","SG V3A","SG V"
"1072","V3A","Black",1.08,"Fibre","V","SG V3A","SG V"
"1073","V3A","Black",0.16,"Fibre","V","SG V3A","SG V"
"1074","V3A","Black",0.19,"Fibre","V","SG V3A","SG V"
"1075","V3A","Black",0.44,"Fibre","V","SG V3A","SG V"
"1076","V3A","Black",0.09,"Fibre","V","SG V3A","SG V"
"1077","V3A","Black",0.49,"Fibre","V","SG V3A","SG V"
"1078","V3A","Black",0.11,"Fibre","V","SG V3A","SG V"
"1079","V3A","Black",0.55,"Fibre","V","SG V3A","SG V"
"1080","V3A","Black",0.71,"Fibre","V","SG V3A","SG V"
"1081","V3A","Black",2.02,"Fibre","V","SG V3A","SG V"
"1082","V3A","Black",0.14,"Fibre","V","SG V3A","SG V"
"1083","V3A","Black",0.53,"Fibre","V","SG V3A","SG V"
"1084","V3A","Black",1.52,"Fibre","V","SG V3A","SG V"
"1085","V3A","Black",1.03,"Fibre","V","SG V3A","SG V"
"1086","V3A","Black",1.59,"Fibre","V","SG V3A","SG V"
"1087","V3A","Black",0.64,"Fibre","V","SG V3A","SG V"
"1088","V3A","Black",0.31,"Fibre","V","SG V3A","SG V"
"1089","V3A","Black",0.59,"Fibre","V","SG V3A","SG V"
"1090","V3A","Black",0.55,"Fibre","V","SG V3A","SG V"
"1091","V3A","Black",0.19,"Fibre","V","SG V3A","SG V"
"1092","V3A","Black",0.13,"Fibre","V","SG V3A","SG V"
"1093","V3A","Black",0.13,"Fibre","V","SG V3A","SG V"
"1094","V3A","Black",1.52,"Fibre","V","SG V3A","SG V"
"1095","V3A","Black",0.78,"Fibre","V","SG V3A","SG V"
"1096","V3A","Black",0.23,"Fibre","V","SG V3A","SG V"
"1097","V3A","Black",0.98,"Fibre","V","SG V3A","SG V"
"1098","V3A","Black",0.2,"Fibre","V","SG V3A","SG V"
"1099","V3A","Black",0.71,"Fibre","V","SG V3A","SG V"
"1100","V3A","Black",0.19,"Fibre","V","SG V3A","SG V"
"1101","V3A","Black",1.65,"Fibre","V","SG V3A","SG V"
"1102","V3A","Black",2.01,"Fibre","V","SG V3A","SG V"
"1103","V3A","Black",0.46,"Fibre","V","SG V3A","SG V"
"1104","V3A","Black",0.39,"Fibre","V","SG V3A","SG V"
"1105","V3A","Black",3.14,"Fibre","V","SG V3A","SG V"
"1106","V3A","Black",1.07,"Fibre","V","SG V3A","SG V"
"1107","V3A","Black",1.93,"Fibre","V","SG V3A","SG V"
"1108","V3A","Black",1.28,"Fibre","V","SG V3A","SG V"
"1109","V3A","Black",0.47,"Fibre","V","SG V3A","SG V"
"1110","V3A","Black",0.45,"Fibre","V","SG V3A","SG V"
"1111","V3A","Black",0.99,"Fibre","V","SG V3A","SG V"
"1112","V3A","Black",1.28,"Fibre","V","SG V3A","SG V"
"1113","V3A","Black",1.27,"Fibre","V","SG V3A","SG V"
"1114","V3A","Black",1.11,"Fibre","V","SG V3A","SG V"
"1115","V3A","Black",2.05,"Fibre","V","SG V3A","SG V"
"1116","V3A","Black",0.17,"Fibre","V","SG V3A","SG V"
"1117","V3A","Black",2.68,"Fibre","V","SG V3A","SG V"
"1118","V3A","Black",0.39,"Fibre","V","SG V3A","SG V"
"1119","V3A","Black",1.1,"Fibre","V","SG V3A","SG V"
"1120","V3A","Black",1.19,"Fibre","V","SG V3A","SG V"
"1121","V3A","Black",0.45,"Fibre","V","SG V3A","SG V"
"1122","V3A","Black",0.64,"Fibre","V","SG V3A","SG V"
"1123","V3A","Black",0.86,"Fibre","V","SG V3A","SG V"
"1124","V3A","Black",0.57,"Fibre","V","SG V3A","SG V"
"1125","V3A","Black",0.28,"Fibre","V","SG V3A","SG V"
"1126","V3A","Black",0.77,"Fibre","V","SG V3A","SG V"
"1127","V3A","Black",2.19,"Fibre","V","SG V3A","SG V"
"1128","V3A","Black",1.1,"Fibre","V","SG V3A","SG V"
"1129","V3A","Black",1.1,"Fibre","V","SG V3A","SG V"
"1130","V3A","Black",3.88,"Fibre","V","SG V3A","SG V"
"1131","V3A","Black",0.26,"Fibre","V","SG V3A","SG V"
"1132","V3A","Black",0.92,"Fibre","V","SG V3A","SG V"
"1133","V3A","Black",1.96,"Fibre","V","SG V3A","SG V"
"1134","V3A","Black",8.75,"Fibre","V","SG V3A","SG V"
"1135","V3A","Black",4.32,"Fibre","V","SG V3A","SG V"
"1136","V3A","Black",1.03,"Fibre","V","SG V3A","SG V"
"1137","V3A","Black",1.03,"Fibre","V","SG V3A","SG V"
"1138","V3A","Black",0.99,"Fibre","V","SG V3A","SG V"
"1139","V3A","Black",1.44,"Fibre","V","SG V3A","SG V"
"1140","V3A","Black",0.24,"Fibre","V","SG V3A","SG V"
"1141","V3A","Black",0.34,"Fibre","V","SG V3A","SG V"
"1142","V3A","Black",1.4,"Fibre","V","SG V3A","SG V"
"1143","V3A","Black",0.36,"Fibre","V","SG V3A","SG V"
"1144","V3A","Transparent",0.53,"Fibre","V","SG V3A","SG V"
"1145","V3A","Transparent",0.26,"Fibre","V","SG V3A","SG V"
"1146","V3A","Transparent",1.63,"Fibre","V","SG V3A","SG V"
"1147","V3A","Transparent",1.96,"Fibre","V","SG V3A","SG V"
"1148","V3A","Transparent",0.62,"Fibre","V","SG V3A","SG V"
"1149","V3A","Transparent",0.39,"Fibre","V","SG V3A","SG V"
"1150","V3A","Transparent",0.66,"Fibre","V","SG V3A","SG V"
"1151","V3A","Transparent",0.52,"Fibre","V","SG V3A","SG V"
"1152","V3A","Transparent",4.9,"Fibre","V","SG V3A","SG V"
"1153","V3A","Transparent",3.86,"Fibre","V","SG V3A","SG V"
"1154","V3A","Transparent",1.29,"Fibre","V","SG V3A","SG V"
"1155","V3A","Transparent",0.7,"Fibre","V","SG V3A","SG V"
"1156","V3A","Transparent",0.65,"Fibre","V","SG V3A","SG V"
"1157","V3A","Transparent",0.58,"Fibre","V","SG V3A","SG V"
"1158","V3A","Transparent",6.46,"Fibre","V","SG V3A","SG V"
"1159","V3A","Green",0.13,"Fibre","V","SG V3A","SG V"
"1160","V3A","Green",4.68,"Fibre","V","SG V3A","SG V"
"1161","V3A","Green",1.43,"Fibre","V","SG V3A","SG V"
"1162","V3A","Green",1.04,"Fibre","V","SG V3A","SG V"
"1163","V3A","Green",0.16,"Fibre","V","SG V3A","SG V"
"1164","V3A","Green",0.6,"Fibre","V","SG V3A","SG V"
"1165","V3A","Green",2.34,"Fibre","V","SG V3A","SG V"
"1166","V3A","Other",0.36,"Fibre","V","SG V3A","SG V"
"1167","V3A","Other",2.18,"Fibre","V","SG V3A","SG V"
"1168","V3A","Other",0.43,"Fibre","V","SG V3A","SG V"
"1169","V3A","Other",0.44,"Fibre","V","SG V3A","SG V"
"1170","V3A","Other",5.49,"Fibre","V","SG V3A","SG V"
"1171","V3A","Other",2.34,"Fibre","V","SG V3A","SG V"
"1172","V3A","Other",0.69,"Fibre","V","SG V3A","SG V"
"1173","V3A","Other",0.67,"Fibre","V","SG V3A","SG V"
"1174","V3A","Red",3.74,"Fibre","V","SG V3A","SG V"
"1175","V3A","Red",4.22,"Fibre","V","SG V3A","SG V"
"1176","V3A","Red",0.15,"Fibre","V","SG V3A","SG V"
"1177","V3A","Red",1.47,"Fibre","V","SG V3A","SG V"
"1178","V3A","Red",3.75,"Fibre","V","SG V3A","SG V"
"1179","V3A","Red",3.69,"Fibre","V","SG V3A","SG V"
"1180","V3A","Red",5.28,"Fibre","V","SG V3A","SG V"
"1181","V3A","Red",0.54,"Fibre","V","SG V3A","SG V"
"1182","V3A","Red",3.22,"Fibre","V","SG V3A","SG V"
"1183","V3A","Red",5.2,"Fibre","V","SG V3A","SG V"
"1184","V3A","Red",2.82,"Fibre","V","SG V3A","SG V"
"1185","V3A","Red",3,"Fibre","V","SG V3A","SG V"
"1186","V3A","Other",1.9,"Fibre","V","SG V3A","SG V"
"1187","V3A","Other",1.17,"Fibre","V","SG V3A","SG V"
"1188","V3A","Other",0.75,"Fibre","V","SG V3A","SG V"
"1189","V3A","Other",1.93,"Fibre","V","SG V3A","SG V"
"1190","V3A","Other",0.49,"Fibre","V","SG V3A","SG V"
"1191","V3A","Other",0.1,"Fibre","V","SG V3A","SG V"
"1192","V3A","Other",0.98,"Fibre","V","SG V3A","SG V"
"1193","V3A","Other",0.22,"Fibre","V","SG V3A","SG V"
"1194","V3A","Other",0.47,"Fibre","V","SG V3A","SG V"
"1195","V3A","Other",1.43,"Fibre","V","SG V3A","SG V"
"1196","V3A","Other",1.23,"Fibre","V","SG V3A","SG V"
"1197","V3A","Other",9.6,"Fibre","V","SG V3A","SG V"
"1198","V3A","Blue",0.68,"Fibre","V","SG V3A","SG V"
"1199","V3A","Blue",0.12,"Fibre","V","SG V3A","SG V"
"1200","V3A","Blue",2.58,"Fibre","V","SG V3A","SG V"
"1201","V3A","Blue",0.72,"Fibre","V","SG V3A","SG V"
"1202","V3A","Blue",0.23,"Fibre","V","SG V3A","SG V"
"1203","V3A","Blue",0.49,"Fibre","V","SG V3A","SG V"
"1204","V3A","Blue",1.59,"Fibre","V","SG V3A","SG V"
"1205","V3A","Blue",0.4,"Fibre","V","SG V3A","SG V"
"1206","V3A","Blue",0.6,"Fibre","V","SG V3A","SG V"
"1207","V3A","Blue",2.84,"Fibre","V","SG V3A","SG V"
"1208","V3A","Blue",0.92,"Fibre","V","SG V3A","SG V"
"1209","V3A","Blue",0.63,"Fibre","V","SG V3A","SG V"
"1210","V3A","Blue",0.85,"Fibre","V","SG V3A","SG V"
"1211","V3A","Blue",1.45,"Fibre","V","SG V3A","SG V"
"1212","V3A","Blue",2.79,"Fibre","V","SG V3A","SG V"
"1213","V3A","Blue",1.4,"Fibre","V","SG V3A","SG V"
"1214","V3A","Blue",0.55,"Fibre","V","SG V3A","SG V"
"1215","V3A","Blue",0.27,"Fibre","V","SG V3A","SG V"
"1216","V3A","Blue",0.24,"Fibre","V","SG V3A","SG V"
"1217","V3A","Blue",0.55,"Fibre","V","SG V3A","SG V"
"1218","V3A","Blue",0.65,"Fibre","V","SG V3A","SG V"
"1219","V3A","Blue",0.26,"Fibre","V","SG V3A","SG V"
"1220","V3A","Blue",0.1,"Fibre","V","SG V3A","SG V"
"1221","V3A","Blue",0.56,"Fibre","V","SG V3A","SG V"
"1222","V3A","Blue",0.6,"Fibre","V","SG V3A","SG V"
"1223","V3A","Blue",0.61,"Fibre","V","SG V3A","SG V"
"1224","V3A","Blue",1.36,"Fibre","V","SG V3A","SG V"
"1225","V3A","Blue",0.72,"Fibre","V","SG V3A","SG V"
"1226","V3A","Blue",0.52,"Fibre","V","SG V3A","SG V"
"1227","V3A","Blue",0.15,"Fibre","V","SG V3A","SG V"
"1228","V3A","Blue",0.37,"Fibre","V","SG V3A","SG V"
"1229","V3A","Blue",1.5,"Fibre","V","SG V3A","SG V"
"1230","V3A","Blue",0.47,"Fibre","V","SG V3A","SG V"
"1231","V3A","Blue",2.86,"Fibre","V","SG V3A","SG V"
"1232","V3A","Blue",1.16,"Fibre","V","SG V3A","SG V"
"1233","V3A","Blue",0.63,"Fibre","V","SG V3A","SG V"
"1234","V3A","Blue",3.77,"Fibre","V","SG V3A","SG V"
"1235","V3A","Blue",2.02,"Fibre","V","SG V3A","SG V"
"1236","V3A","Blue",1.78,"Fibre","V","SG V3A","SG V"
"1237","V3A","Blue",0.7,"Fibre","V","SG V3A","SG V"
"1238","V3A","Blue",4.6,"Fibre","V","SG V3A","SG V"
"1239","V3A","Blue",0.86,"Fibre","V","SG V3A","SG V"
"1240","V3A","Blue",1.3,"Fibre","V","SG V3A","SG V"
"1241","V3A","Blue",0.42,"Fibre","V","SG V3A","SG V"
"1242","V3A","Blue",0.28,"Fibre","V","SG V3A","SG V"
"1243","V3A","Blue",1.19,"Fibre","V","SG V3A","SG V"
"1244","V3A","Blue",0.82,"Fibre","V","SG V3A","SG V"
"1245","V3A","Blue",1.08,"Fibre","V","SG V3A","SG V"
"1246","V3A","Blue",3.75,"Fibre","V","SG V3A","SG V"
"1247","V3A","Blue",0.82,"Fibre","V","SG V3A","SG V"
"1248","V3A","Blue",0.74,"Fibre","V","SG V3A","SG V"
"1249","V3A","Blue",1.54,"Fibre","V","SG V3A","SG V"
"1250","V3A","Blue",0.14,"Fibre","V","SG V3A","SG V"
"1251","V3A","Blue",0.58,"Fibre","V","SG V3A","SG V"
"1252","V3A","Blue",2.63,"Fibre","V","SG V3A","SG V"
"1253","V3A","Blue",0.16,"Fibre","V","SG V3A","SG V"
"1254","V3A","Blue",2.29,"Fibre","V","SG V3A","SG V"
"1255","V3A","Blue",0.26,"Fibre","V","SG V3A","SG V"
"1256","V3A","Blue",1.09,"Fibre","V","SG V3A","SG V"
"1257","V3A","Blue",0.35,"Fibre","V","SG V3A","SG V"
"1258","V3A","Blue",1.42,"Fibre","V","SG V3A","SG V"
"1259","V3A","Blue",0.35,"Fibre","V","SG V3A","SG V"
"1260","V3A","Blue",0.67,"Fibre","V","SG V3A","SG V"
"1261","V3A","Blue",0.09,"Fibre","V","SG V3A","SG V"
"1262","V3A","Blue",3.02,"Fibre","V","SG V3A","SG V"
"1263","V3A","Blue",0.38,"Fibre","V","SG V3A","SG V"
"1264","V3A","Blue",1.55,"Fibre","V","SG V3A","SG V"
"1265","V3A","Blue",0.06,"Fibre","V","SG V3A","SG V"
"1266","V3A","Blue",0.18,"Fibre","V","SG V3A","SG V"
"1267","V3A","Blue",2.36,"Fibre","V","SG V3A","SG V"
"1268","V3A","Blue",1.81,"Fibre","V","SG V3A","SG V"
"1269","V3A","Blue",0.75,"Fibre","V","SG V3A","SG V"
"1270","V3A","Blue",0.19,"Fibre","V","SG V3A","SG V"
"1271","V3A","Blue",0.38,"Fibre","V","SG V3A","SG V"
"1272","V3A","Blue",0.21,"Fibre","V","SG V3A","SG V"
"1273","V3A","Blue",0.13,"Fibre","V","SG V3A","SG V"
"1274","V3A","Blue",1.15,"Fibre","V","SG V3A","SG V"
"1275","V3A","Blue",0.65,"Fibre","V","SG V3A","SG V"
"1276","V3A","Blue",0.1,"Fibre","V","SG V3A","SG V"
"1277","V3A","Blue",0.34,"Fibre","V","SG V3A","SG V"
"1278","V3A","Blue",0.61,"Fibre","V","SG V3A","SG V"
"1279","V3A","Blue",2.65,"Fibre","V","SG V3A","SG V"
"1280","V3A","Blue",0.82,"Fibre","V","SG V3A","SG V"
"1281","V3A","Blue",1.67,"Fibre","V","SG V3A","SG V"
"1282","V3A","Blue",0.34,"Fibre","V","SG V3A","SG V"
"1283","V3A","Blue",0.21,"Fibre","V","SG V3A","SG V"
"1284","V3A","Blue",2.57,"Fibre","V","SG V3A","SG V"
"1285","V3A","Blue",0.6,"Fibre","V","SG V3A","SG V"
"1286","V3A","Blue",0.05,"Fibre","V","SG V3A","SG V"
"1287","V3A","Blue",2.03,"Fibre","V","SG V3A","SG V"
"1288","V3A","Blue",0.34,"Fibre","V","SG V3A","SG V"
"1289","V3A","Blue",2.55,"Fibre","V","SG V3A","SG V"
"1290","V3A","Blue",0.47,"Fibre","V","SG V3A","SG V"
"1291","V3A","Blue",1.55,"Fibre","V","SG V3A","SG V"
"1292","V3A","Blue",1.69,"Fibre","V","SG V3A","SG V"
"1293","V3A","Blue",0.19,"Fibre","V","SG V3A","SG V"
"1294","V3A","Blue",5.99,"Fibre","V","SG V3A","SG V"
"1295","V3A","Blue",0.3,"Fibre","V","SG V3A","SG V"
"1296","V3A","Blue",0.93,"Fibre","V","SG V3A","SG V"
"1297","V3A","Blue",0.64,"Fibre","V","SG V3A","SG V"
"1298","V3A","Blue",0.57,"Fibre","V","SG V3A","SG V"
"1299","V3A","Blue",2.02,"Fibre","V","SG V3A","SG V"
"1300","V3A","Blue",1.26,"Fibre","V","SG V3A","SG V"
"1301","V3A","Blue",0.74,"Fibre","V","SG V3A","SG V"
"1302","V3A","Blue",0.34,"Fibre","V","SG V3A","SG V"
"1303","V3A","Blue",1.52,"Fibre","V","SG V3A","SG V"
"1304","V3A","Blue",0.59,"Fibre","V","SG V3A","SG V"
"1305","V3A","Blue",0.95,"Fibre","V","SG V3A","SG V"
"1306","V3A","Blue",0.24,"Fibre","V","SG V3A","SG V"
"1307","V3A","Blue",0.17,"Fibre","V","SG V3A","SG V"
"1308","V3A","Blue",0.32,"Fibre","V","SG V3A","SG V"
"1309","V3A","Blue",0.79,"Fibre","V","SG V3A","SG V"
"1310","V3A","Blue",0.25,"Fibre","V","SG V3A","SG V"
"1311","V3A","Blue",0.77,"Fibre","V","SG V3A","SG V"
"1312","V3A","Blue",0.52,"Fibre","V","SG V3A","SG V"
"1313","V3A","Blue",2.37,"Fibre","V","SG V3A","SG V"
"1314","V3A","Blue",0.31,"Fibre","V","SG V3A","SG V"
"1315","V3A","Black",0.11,"Fragment","V","SG V3A","SG V"
"1316","V3A","Green",0.22,"Foam","V","SG V3A","SG V"
"1317","V3B","Black",0.45,"Fibre","V","SG V3B","SG V"
"1318","V3B","Black",0.75,"Fibre","V","SG V3B","SG V"
"1319","V3B","Black",0.53,"Fibre","V","SG V3B","SG V"
"1320","V3B","Black",0.22,"Fibre","V","SG V3B","SG V"
"1321","V3B","Black",0.9,"Fibre","V","SG V3B","SG V"
"1322","V3B","Black",0.52,"Fibre","V","SG V3B","SG V"
"1323","V3B","Black",2.49,"Fibre","V","SG V3B","SG V"
"1324","V3B","Black",0.61,"Fibre","V","SG V3B","SG V"
"1325","V3B","Black",2.47,"Fibre","V","SG V3B","SG V"
"1326","V3B","Black",0.87,"Fibre","V","SG V3B","SG V"
"1327","V3B","Black",0.76,"Fibre","V","SG V3B","SG V"
"1328","V3B","Black",3.57,"Fibre","V","SG V3B","SG V"
"1329","V3B","Black",4.22,"Fibre","V","SG V3B","SG V"
"1330","V3B","Blue",0.73,"Fibre","V","SG V3B","SG V"
"1331","V3B","Blue",0.22,"Fibre","V","SG V3B","SG V"
"1332","V3B","Blue",0.23,"Fibre","V","SG V3B","SG V"
"1333","V3B","Blue",1.52,"Fibre","V","SG V3B","SG V"
"1334","V3B","Transparent",0.47,"Fibre","V","SG V3B","SG V"
"1335","V3B","Transparent",0.92,"Fibre","V","SG V3B","SG V"
"1336","V3B","Transparent",2.4,"Fibre","V","SG V3B","SG V"
"1337","V3B","Transparent",0.52,"Fibre","V","SG V3B","SG V"
"1338","V3B","Transparent",1.59,"Fibre","V","SG V3B","SG V"
"1339","V3B","Other",0.9,"Fibre","V","SG V3B","SG V"
"1340","V3B","Other",1.53,"Fibre","V","SG V3B","SG V"
"1341","X1A","Black",0.11,"Fibre","X","SG X1A","SG X"
"1342","X1A","Black",0.51,"Fibre","X","SG X1A","SG X"
"1343","X1A","Black",0.15,"Fibre","X","SG X1A","SG X"
"1344","X1A","Black",0.49,"Fibre","X","SG X1A","SG X"
"1345","X1A","Black",1.66,"Fibre","X","SG X1A","SG X"
"1346","X1A","Black",1.3,"Fibre","X","SG X1A","SG X"
"1347","X1A","Black",0.47,"Fibre","X","SG X1A","SG X"
"1348","X1A","Black",1.81,"Fibre","X","SG X1A","SG X"
"1349","X1A","Black",0.21,"Fibre","X","SG X1A","SG X"
"1350","X1A","Black",0.48,"Fibre","X","SG X1A","SG X"
"1351","X1A","Black",1.16,"Fibre","X","SG X1A","SG X"
"1352","X1A","Black",0.2,"Fibre","X","SG X1A","SG X"
"1353","X1A","Black",0.19,"Fibre","X","SG X1A","SG X"
"1354","X1A","Black",0.41,"Fibre","X","SG X1A","SG X"
"1355","X1A","Black",0.31,"Fibre","X","SG X1A","SG X"
"1356","X1A","Black",1.53,"Fibre","X","SG X1A","SG X"
"1357","X1A","Black",0.31,"Fibre","X","SG X1A","SG X"
"1358","X1A","Black",0.45,"Fibre","X","SG X1A","SG X"
"1359","X1A","Transparent",3.71,"Fibre","X","SG X1A","SG X"
"1360","X1A","Transparent",1.13,"Fibre","X","SG X1A","SG X"
"1361","X1A","Transparent",3.94,"Fibre","X","SG X1A","SG X"
"1362","X1A","Transparent",0.73,"Fibre","X","SG X1A","SG X"
"1363","X1A","Blue",0.06,"Fibre","X","SG X1A","SG X"
"1364","X1A","Blue",0.58,"Fibre","X","SG X1A","SG X"
"1365","X1A","Blue",7.35,"Fibre","X","SG X1A","SG X"
"1366","X1A","Blue",2.07,"Fibre","X","SG X1A","SG X"
"1367","X1A","Blue",1.67,"Fibre","X","SG X1A","SG X"
"1368","X1A","Blue",0.32,"Fibre","X","SG X1A","SG X"
"1369","X1A","Blue",0.14,"Fibre","X","SG X1A","SG X"
"1370","X1A","Blue",1.13,"Fibre","X","SG X1A","SG X"
"1371","X1A","Other",0.39,"Fibre","X","SG X1A","SG X"
"1372","X1A","Green",0.3,"Fibre","X","SG X1A","SG X"
"1373","X1A","Green",0.06,"Fibre","X","SG X1A","SG X"
"1374","X1A","Green",1.06,"Fibre","X","SG X1A","SG X"
"1375","X1A","Green",1.3,"Fibre","X","SG X1A","SG X"
"1376","X1A","Green",2.2,"Fibre","X","SG X1A","SG X"
"1377","X1A","Green",3.28,"Fibre","X","SG X1A","SG X"
"1378","X1A","Green",0.18,"Fibre","X","SG X1A","SG X"
"1379","X1A","Green",2.1,"Fibre","X","SG X1A","SG X"
"1380","X1A","Green",0.85,"Fibre","X","SG X1A","SG X"
"1381","X1A","Green",0.71,"Fibre","X","SG X1A","SG X"
"1382","X1A","Green",1.15,"Fibre","X","SG X1A","SG X"
"1383","X1A","Other",0.36,"Fibre","X","SG X1A","SG X"
"1384","X1A","Red",3.99,"Fibre","X","SG X1A","SG X"
"1385","X1A","Red",0.15,"Fibre","X","SG X1A","SG X"
"1386","X1A","Blue",0.04,"Fragment","X","SG X1A","SG X"
"1387","X1A","Blue",0.02,"Fragment","X","SG X1A","SG X"
"1388","X1A","Black",0.04,"Fragment","X","SG X1A","SG X"
"1389","X1A","Black",0.17,"Fragment","X","SG X1A","SG X"
"1390","X1B","Green",0.39,"Fibre","X","SG X1B","SG X"
"1391","X1B","Blue",0.32,"Fibre","X","SG X1B","SG X"
"1392","X1B","Blue",1.33,"Fibre","X","SG X1B","SG X"
"1393","X1B","Blue",0.19,"Fibre","X","SG X1B","SG X"
"1394","X1B","Blue",3.08,"Fibre","X","SG X1B","SG X"
"1395","X1B","Blue",1.09,"Fibre","X","SG X1B","SG X"
"1396","X1B","Blue",0.48,"Fibre","X","SG X1B","SG X"
"1397","X1B","Blue",0.33,"Fibre","X","SG X1B","SG X"
"1398","X1B","Blue",0.59,"Fibre","X","SG X1B","SG X"
"1399","X1B","Blue",0.21,"Fibre","X","SG X1B","SG X"
"1400","X1B","Blue",0.02,"Fibre","X","SG X1B","SG X"
"1401","X1B","Black",1.94,"Fibre","X","SG X1B","SG X"
"1402","X1B","Black",0.64,"Fibre","X","SG X1B","SG X"
"1403","X1B","Black",2.39,"Fibre","X","SG X1B","SG X"
"1404","X1B","Black",2.05,"Fibre","X","SG X1B","SG X"
"1405","X1B","Black",0.35,"Fibre","X","SG X1B","SG X"
"1406","X1B","Black",0.35,"Fibre","X","SG X1B","SG X"
"1407","X1B","Black",0.35,"Fibre","X","SG X1B","SG X"
"1408","X1B","Black",1.59,"Fibre","X","SG X1B","SG X"
"1409","X1B","Black",0.58,"Fibre","X","SG X1B","SG X"
"1410","X1B","Black",0.4,"Fibre","X","SG X1B","SG X"
"1411","X1B","Black",0.74,"Fibre","X","SG X1B","SG X"
"1412","X1B","Black",0.23,"Fibre","X","SG X1B","SG X"
"1413","X1B","Black",0.4,"Fibre","X","SG X1B","SG X"
"1414","X1B","Red",0.21,"Fibre","X","SG X1B","SG X"
"1415","X1B","Other",0.28,"Fibre","X","SG X1B","SG X"
"1416","X1B","Other",0.46,"Fibre","X","SG X1B","SG X"
"1417","X1B","Transparent",0.88,"Fibre","X","SG X1B","SG X"
"1418","X1B","Transparent",1.56,"Fibre","X","SG X1B","SG X"
"1419","X1B","Other",0.24,"Fibre","X","SG X1B","SG X"
"1420","X2A","Black",0.69,"Fibre","X","SG X2A","SG X"
"1421","X2A","Black",2.74,"Fibre","X","SG X2A","SG X"
"1422","X2A","Black",0.16,"Fibre","X","SG X2A","SG X"
"1423","X2A","Black",0.35,"Fibre","X","SG X2A","SG X"
"1424","X2A","Black",0.27,"Fibre","X","SG X2A","SG X"
"1425","X2A","Black",2.24,"Fibre","X","SG X2A","SG X"
"1426","X2A","Black",0.47,"Fibre","X","SG X2A","SG X"
"1427","X2A","Black",0.41,"Fibre","X","SG X2A","SG X"
"1428","X2A","Black",1.11,"Fibre","X","SG X2A","SG X"
"1429","X2A","Black",0.19,"Fibre","X","SG X2A","SG X"
"1430","X2A","Black",1.32,"Fibre","X","SG X2A","SG X"
"1431","X2A","Blue",0.88,"Fibre","X","SG X2A","SG X"
"1432","X2A","Blue",2.55,"Fibre","X","SG X2A","SG X"
"1433","X2A","Blue",0.43,"Fibre","X","SG X2A","SG X"
"1434","X2A","Blue",0.4,"Fibre","X","SG X2A","SG X"
"1435","X2A","Transparent",1.34,"Fibre","X","SG X2A","SG X"
"1436","X2A","Transparent",0.33,"Fibre","X","SG X2A","SG X"
"1437","X2A","Transparent",4.07,"Fibre","X","SG X2A","SG X"
"1438","X2A","Transparent",2.09,"Fibre","X","SG X2A","SG X"
"1439","X2A","Transparent",0.18,"Fibre","X","SG X2A","SG X"
"1440","X2A","Transparent",0.52,"Fibre","X","SG X2A","SG X"
"1441","X2A","Transparent",0.74,"Fibre","X","SG X2A","SG X"
"1442","X2A","Transparent",0.95,"Fibre","X","SG X2A","SG X"
"1443","X2A","Other",1.21,"Fibre","X","SG X2A","SG X"
"1444","X2A","Green",0.45,"Fibre","X","SG X2A","SG X"
"1445","X2A","Green",6.03,"Fibre","X","SG X2A","SG X"
"1446","X2A","Green",0.18,"Fibre","X","SG X2A","SG X"
"1447","X2A","Other",0.7,"Fibre","X","SG X2A","SG X"
"1448","X2B","Black",0.2,"Fragment","X","SG X2B","SG X"
"1449","X2B","Black",0.16,"Fragment","X","SG X2B","SG X"
"1450","X2B","Blue",0.1,"Foam","X","SG X2B","SG X"
"1451","X2B","Blue",0.02,"Foam","X","SG X2B","SG X"
"1452","X2B","Blue",0.36,"Fibre","X","SG X2B","SG X"
"1453","X2B","Blue",0.85,"Fibre","X","SG X2B","SG X"
"1454","X2B","Blue",2.58,"Fibre","X","SG X2B","SG X"
"1455","X2B","Blue",0.44,"Fibre","X","SG X2B","SG X"
"1456","X2B","Black",0.14,"Fibre","X","SG X2B","SG X"
"1457","X2B","Black",0.52,"Fibre","X","SG X2B","SG X"
"1458","X2B","Black",0.19,"Fibre","X","SG X2B","SG X"
"1459","X2B","Black",0.2,"Fibre","X","SG X2B","SG X"
"1460","X2B","Black",6.17,"Fibre","X","SG X2B","SG X"
"1461","X2B","Black",0.18,"Fibre","X","SG X2B","SG X"
"1462","X2B","Black",2.4,"Fibre","X","SG X2B","SG X"
"1463","X2B","Black",0.08,"Fibre","X","SG X2B","SG X"
"1464","X2B","Black",0.12,"Fibre","X","SG X2B","SG X"
"1465","X2B","Black",0.33,"Fibre","X","SG X2B","SG X"
"1466","X2B","Black",0.21,"Fibre","X","SG X2B","SG X"
"1467","X2B","Black",0.11,"Fibre","X","SG X2B","SG X"
"1468","X2B","Black",0.47,"Fibre","X","SG X2B","SG X"
"1469","X2B","Black",0.22,"Fibre","X","SG X2B","SG X"
"1470","X2B","Black",0.78,"Fibre","X","SG X2B","SG X"
"1471","X2B","Black",1.11,"Fibre","X","SG X2B","SG X"
"1472","X2B","Black",0.22,"Fibre","X","SG X2B","SG X"
"1473","X2B","Transparent",3.11,"Fibre","X","SG X2B","SG X"
"1474","X2B","Transparent",1.32,"Fibre","X","SG X2B","SG X"
"1475","X2B","Transparent",0.42,"Fibre","X","SG X2B","SG X"
"1476","X2B","Transparent",0.65,"Fibre","X","SG X2B","SG X"
"1477","X2B","Transparent",0.04,"Fibre","X","SG X2B","SG X"
"1478","X2B","Green",2.18,"Fibre","X","SG X2B","SG X"
"1479","X2B","Green",0.5,"Fibre","X","SG X2B","SG X"
"1480","X2B","Green",2.52,"Fibre","X","SG X2B","SG X"
"1481","X2B","Green",0.48,"Fibre","X","SG X2B","SG X"
"1482","X2B","Green",1.23,"Fibre","X","SG X2B","SG X"
"1483","X2B","Red",0.13,"Fibre","X","SG X2B","SG X"
"1484","X3A","Red",0.31,"Fragment","X","SG X3A","SG X"
"1485","X3A","Black",0.13,"Fragment","X","SG X3A","SG X"
"1486","X3A","Black",0.25,"Fragment","X","SG X3A","SG X"
"1487","X3A","Blue",0.09,"Fragment","X","SG X3A","SG X"
"1488","X3A","Blue",0.09,"Fragment","X","SG X3A","SG X"
"1489","X3A","Blue",0.02,"Fragment","X","SG X3A","SG X"
"1490","X3A","Other",0.51,"Fragment","X","SG X3A","SG X"
"1491","X3A","Green",0.06,"Foam","X","SG X3A","SG X"
"1492","X3A","Blue",0.06,"Foam","X","SG X3A","SG X"
"1493","X3A","Blue",0.15,"Foam","X","SG X3A","SG X"
"1494","X3A","Black",0.64,"Fibre","X","SG X3A","SG X"
"1495","X3A","Black",0.15,"Fibre","X","SG X3A","SG X"
"1496","X3A","Black",0.05,"Fibre","X","SG X3A","SG X"
"1497","X3A","Black",0.29,"Fibre","X","SG X3A","SG X"
"1498","X3A","Black",0.41,"Fibre","X","SG X3A","SG X"
"1499","X3A","Black",0.23,"Fibre","X","SG X3A","SG X"
"1500","X3A","Black",0.32,"Fibre","X","SG X3A","SG X"
"1501","X3A","Blue",0.23,"Fibre","X","SG X3A","SG X"
"1502","X3A","Blue",1.26,"Fibre","X","SG X3A","SG X"
"1503","X3A","Blue",0.19,"Fibre","X","SG X3A","SG X"
"1504","X3A","Blue",1.14,"Fibre","X","SG X3A","SG X"
"1505","X3A","Blue",1.58,"Fibre","X","SG X3A","SG X"
"1506","X3A","Blue",0.19,"Fibre","X","SG X3A","SG X"
"1507","X3A","Blue",0.29,"Fibre","X","SG X3A","SG X"
"1508","X3A","Blue",0.99,"Fibre","X","SG X3A","SG X"
"1509","X3A","Blue",0.16,"Fibre","X","SG X3A","SG X"
"1510","X3A","Blue",0.51,"Fibre","X","SG X3A","SG X"
"1511","X3A","Blue",0.26,"Fibre","X","SG X3A","SG X"
"1512","X3A","Blue",0.52,"Fibre","X","SG X3A","SG X"
"1513","X3A","Blue",0.07,"Fibre","X","SG X3A","SG X"
"1514","X3A","Blue",1.29,"Fibre","X","SG X3A","SG X"
"1515","X3A","Transparent",0.84,"Fibre","X","SG X3A","SG X"
"1516","X3A","Transparent",1.18,"Fibre","X","SG X3A","SG X"
"1517","X3A","Transparent",0.61,"Fibre","X","SG X3A","SG X"
"1518","X3A","Transparent",0.92,"Fibre","X","SG X3A","SG X"
"1519","X3A","Transparent",1.02,"Fibre","X","SG X3A","SG X"
"1520","X3A","Transparent",1.79,"Fibre","X","SG X3A","SG X"
"1521","X3A","Other",0.83,"Fibre","X","SG X3A","SG X"
"1522","X3A","Other",0.9,"Fibre","X","SG X3A","SG X"
"1523","X3A","Other",1.24,"Fibre","X","SG X3A","SG X"
"1524","X3A","Other",1.73,"Fibre","X","SG X3A","SG X"
"1525","X3A","Other",0.32,"Fibre","X","SG X3A","SG X"
"1526","X3A","Red",0.23,"Fibre","X","SG X3A","SG X"
"1527","X3A","Green",1.31,"Fibre","X","SG X3A","SG X"
"1528","X3A","Green",2.26,"Fibre","X","SG X3A","SG X"
"1529","X3A","Green",0.18,"Fibre","X","SG X3A","SG X"
"1530","X3B","Black",0.16,"Fragment","X","SG X3B","SG X"
"1531","X3B","Black",0.22,"Fragment","X","SG X3B","SG X"
"1532","X3B","Black",0.3,"Fibre","X","SG X3B","SG X"
"1533","X3B","Black",0.14,"Fibre","X","SG X3B","SG X"
"1534","X3B","Black",0.16,"Fibre","X","SG X3B","SG X"
"1535","X3B","Black",0.82,"Fibre","X","SG X3B","SG X"
"1536","X3B","Black",0.12,"Fibre","X","SG X3B","SG X"
"1537","X3B","Black",0.27,"Fibre","X","SG X3B","SG X"
"1538","X3B","Black",0.64,"Fibre","X","SG X3B","SG X"
"1539","X3B","Black",0.69,"Fibre","X","SG X3B","SG X"
"1540","X3B","Black",0.4,"Fibre","X","SG X3B","SG X"
"1541","X3B","Black",0.94,"Fibre","X","SG X3B","SG X"
"1542","X3B","Black",0.3,"Fibre","X","SG X3B","SG X"
"1543","X3B","Black",0.65,"Fibre","X","SG X3B","SG X"
"1544","X3B","Black",0.38,"Fibre","X","SG X3B","SG X"
"1545","X3B","Black",1.32,"Fibre","X","SG X3B","SG X"
"1546","X3B","Green",0.22,"Fibre","X","SG X3B","SG X"
"1547","X3B","Green",1.27,"Fibre","X","SG X3B","SG X"
"1548","X3B","Green",0.35,"Fibre","X","SG X3B","SG X"
"1549","X3B","Green",0.53,"Fibre","X","SG X3B","SG X"
"1550","X3B","Green",0.62,"Fibre","X","SG X3B","SG X"
"1551","X3B","Transparent",0.44,"Fibre","X","SG X3B","SG X"
"1552","X3B","Transparent",1.37,"Fibre","X","SG X3B","SG X"
"1553","X3B","Transparent",0.55,"Fibre","X","SG X3B","SG X"
"1554","X3B","Transparent",0.95,"Fibre","X","SG X3B","SG X"
"1555","X3B","Blue",0.01,"Fibre","X","SG X3B","SG X"
"1556","X3B","Blue",1.13,"Fibre","X","SG X3B","SG X"
"1557","X3B","Blue",0.86,"Fibre","X","SG X3B","SG X"
"1558","X3B","Blue",0.43,"Fibre","X","SG X3B","SG X"
"1559","X3B","Blue",0.3,"Fibre","X","SG X3B","SG X"
"1560","X3B","Blue",2.83,"Fibre","X","SG X3B","SG X"
"1561","X3B","Blue",0.19,"Fibre","X","SG X3B","SG X"
"1562","X3B","Blue",0.41,"Fibre","X","SG X3B","SG X"
"1563","X3B","Blue",0.19,"Fibre","X","SG X3B","SG X"
"1564","X3B","Blue",1.5,"Fibre","X","SG X3B","SG X"
"1565","X3B","Blue",0.13,"Fibre","X","SG X3B","SG X"
"1566","X3B","Other",0.09,"Fibre","X","SG X3B","SG X"
"1567","X3B","Other",2.28,"Fibre","X","SG X3B","SG X"
"1568","X3B","Other",0.05,"Fibre","X","SG X3B","SG X"
"1569","X3B","Other",0.27,"Fibre","X","SG X3B","SG X"
"1570","X3B","Red",0.16,"Fibre","X","SG X3B","SG X"
"1571","X3B","Red",0.69,"Fibre","X","SG X3B","SG X"
"1572","X3B","Other",6.39,"Fibre","X","SG X3B","SG X"
"1573","X3B","Other",0.48,"Fibre","X","SG X3B","SG X"
"1574","X3B","Other",0.04,"Fibre","X","SG X3B","SG X"
"1575","X3B","Other",4.51,"Fibre","X","SG X3B","SG X"
"1576","X3B","Other",2,"Fibre","X","SG X3B","SG X"
